,Video Name,Thumbnail URL,Video ID,length,description snippet,date published
0,Detroit-style pizza at home,https://i.ytimg.com/vi/ahxKAlbp6DU/hqdefault.jpg?sqp=-oaymwEbCKgBEF5IVfKriqkDDggBFQAAiEIYAXABwAEG&rs=AOn4CLArrVzc51USY0pmFvdRAThmXN-RbA,ahxKAlbp6DU,"8 minutes, 39 seconds","Thanks to Native for sponsoring this video! Save 40% on your first Native Body Wash Pack — normally $27, you’ll get it for $17! Use my code RAGUSEA6 here: https://bit.ly/nativeragusea6...",2022-12-01 13:32:39.232965
1,AGE your raw egg eggnog,https://i.ytimg.com/vi/sflZWeCjdco/hqdefault.jpg?sqp=-oaymwEbCKgBEF5IVfKriqkDDggBFQAAiEIYAXABwAEG&rs=AOn4CLAAtee7QS_3xGF8KU1FHn-BQeFTmw,sflZWeCjdco,"10 minutes, 14 seconds","Buy the Adam Ragusea chef knife for Christmas or whatever you're into! https://www.adamragusea.com/store/ragusea-chef-knife

Thanks to Dr. Vincent Fischetti at Rockefeller University: https://www.r...",2022-11-28 13:32:39.232965
2,Is it bad to stare at your phone while eating? Thoughts on protests in Iran? (PODCAST EP 34),https://i.ytimg.com/vi/L2w3gMM16tk/hqdefault.jpg?sqp=-oaymwEbCKgBEF5IVfKriqkDDggBFQAAiEIYAXABwAEG&rs=AOn4CLDat3YD9yVbW5VzExyjlp8JWUr_SQ,L2w3gMM16tk,"53 minutes, 6 seconds","Thanks to Harry's for sponsoring this episode! Get your Harry’s Starter Set today and you’ll also get a free travel-sized body wash: https://harrys.com/RAGUSEA

Thanks to Masterworks for...",2022-11-26 13:32:39.232965
3,"How to eat acorns, but maybe don't",https://i.ytimg.com/vi/GoVYQwTXJOM/hqdefault.jpg?sqp=-oaymwEbCKgBEF5IVfKriqkDDggBFQAAiEIYAXABwAEG&rs=AOn4CLCG3l0KR26dMBiN8UtoXUmqOSkxPw,GoVYQwTXJOM,"8 minutes, 40 seconds","Thanks to Trade Coffee for sponsoring this video! Get $30 off a subscription with Trade: https://www.drinktrade.com/ragusea

1993 paper on squirrels and oaks: https://www.researchgate.net/publicati...",2022-11-21 13:32:39.232965
4,Why is European butter so much better? Is sourdough bread healthier than other bread? (PODCAST E33),https://i.ytimg.com/vi/-zk1YZMC8d0/hqdefault.jpg?sqp=-oaymwEbCKgBEF5IVfKriqkDDggBFQAAiEIYAXABwAEG&rs=AOn4CLBlEp6T2Y45Av7pUeijvdRcAF1P4w,-zk1YZMC8d0,"1 hour, 12 minutes, 47 seconds","Thanks to Indeed for sponsoring this episode! Start hiring now with a $75 sponsored job credit to sponsor your job post at https://indeed.com/ragusea | Offer good for a limited time.

As of...",2022-11-19 13:32:39.232965
5,The SHOCKING SECRET to great chili,https://i.ytimg.com/vi/mb3k0wApWas/hqdefault.jpg?sqp=-oaymwEbCKgBEF5IVfKriqkDDggBFQAAiEIYAXABwAEG&rs=AOn4CLDyEsakFEEQWGkM5yyTdnfwzPDXSQ,mb3k0wApWas,"7 minutes, 52 seconds","Buy my custom chef knife before it sells out again: https://www.adamragusea.com/store/ragusea-chef-knife

***RECIPE***

Cut up some onions and peppers. Cook them in a big pot until soft. Dump...",2022-11-30 13:32:39.232965
6,Nonstick is prob safe — the factories aren't (PFAS contamination),https://i.ytimg.com/vi/vZ1KmVmpC8o/hqdefault.jpg?sqp=-oaymwEbCKgBEF5IVfKriqkDDggBFQAAiEIYAXABwAEG&rs=AOn4CLBG0kUxURlfAq4GZPkqE5lKMucmqg,vZ1KmVmpC8o,"14 minutes, 25 seconds","Thanks to Surfshark for sponsoring this video! Get Surfshark VPN at https://Surfshark.deals/adamragusea — Enter promo code ADAMRAGUSEA for 83% off and 3 extra months for free!

Thanks to...",2022-11-30 13:32:39.232965
7,Why do Americans eat turkey cold? Can you boost testosterone with food/supplements? (PODCAST E32),https://i.ytimg.com/vi/dGJWLSRLaIo/hqdefault.jpg?sqp=-oaymwEbCKgBEF5IVfKriqkDDggBFQAAiEIYAXABwAEG&rs=AOn4CLByOyvs5enHsDWQwmyU7HQPUgpQ_g,dGJWLSRLaIo,"1 hour, 3 minutes, 18 seconds","Thanks to Raycon for sponsoring this episode! Go to https://buyraycon.com/raguseashow to get 20% off site wide with code EARLYBF. Or save 30% on Raycon's holiday bundles.

Thanks to MeUndies...",2022-11-30 13:32:39.233961
8,"Chicken and dumplings (biscuity, Southern-style)",https://i.ytimg.com/vi/JgPfKZovZhA/hqdefault.jpg?sqp=-oaymwEbCKgBEF5IVfKriqkDDggBFQAAiEIYAXABwAEG&rs=AOn4CLBrH3Od1J2sENqlixHnpI-kkCmTvQ,JgPfKZovZhA,"9 minutes, 6 seconds","Thanks to HelloFresh for sponsoring this video! Click https://bit.ly/3TZfFPx for 70% off with HelloFresh plus FREE shipping — use my code ADAMRAGUSEA70.

***RECIPE, SERVES 4-6***

1.5 lb...",2022-11-29 13:32:39.233961
9,Industry + immigrants = Detroit-style pizza,https://i.ytimg.com/vi/iY24pIHjT7s/hqdefault.jpg?sqp=-oaymwEbCKgBEF5IVfKriqkDDggBFQAAiEIYAXABwAEG&rs=AOn4CLCF9-kAZ3s_HR4DaYtV_Aognac6ow,iY24pIHjT7s,"11 minutes, 1 second",Thanks to Helix Sleep for sponsoring this video! Click here https://helixsleep.com/ragusea for up to $200 off your Helix Sleep mattress plus two free pillows! Free shipping within the US! #helixsle...,2022-11-29 13:32:39.233961
10,"How much protein you should eat and when, with Dr. Mike Israetel (PODCAST E31)",https://i.ytimg.com/vi/LKyniPMgQ94/hqdefault.jpg?sqp=-oaymwEbCKgBEF5IVfKriqkDDggBFQAAiEIYAXABwAEG&rs=AOn4CLDYKzufLCwU52wxRV-te2MvQWK6mw,LKyniPMgQ94,"50 minutes, 36 seconds","Thanks to Raycon for sponsoring this episode! Go to https://buyraycon.com/raguseashow to get 20% off site wide with code EARLYBF. Or save 30% on Raycon's holiday bundles.

Thanks to Trade Coffee...",2022-11-29 13:32:39.233961
11,Cheesy broiled sheet pan pasta with vegetables,https://i.ytimg.com/vi/XR0VKqfSHBk/hqdefault.jpg?sqp=-oaymwEbCKgBEF5IVfKriqkDDggBFQAAiEIYAXABwAEG&rs=AOn4CLAD2tThid-PuNCMTaPNnsYNR8z_fA,XR0VKqfSHBk,"7 minutes, 20 seconds","Thanks to Audible for sponsoring this video! Let Audible help you discover new ways to laugh, be inspired, or be entertained. New members can try it free for 30 days. Visit https://audible.com/adam...",2022-11-28 13:32:39.233961
12,Why people cook with caustic alkali,https://i.ytimg.com/vi/QDAu9shX8Xg/hqdefault.jpg?sqp=-oaymwEbCKgBEF5IVfKriqkDDggBFQAAiEIYAXABwAEG&rs=AOn4CLDdqfBg2cx1HvGWWlFr1744_0htgg,QDAu9shX8Xg,"10 minutes, 2 seconds",Thanks to LetsGetChecked for sponsoring this video! Got to https://trylgc.com/ragusea and use my code ADAM25 for 25% your at-home test kit.,2022-12-01 13:32:39.233961
13,Can alcohol actually be good for you? Are supplements good as food for vegans? (PODCAST E30),https://i.ytimg.com/vi/yql8F98FkSI/hqdefault.jpg?sqp=-oaymwEbCKgBEF5IVfKriqkDDggBFQAAiEIYAXABwAEG&rs=AOn4CLBWKUifgIlt0w8fCh4pw9bNckps3A,yql8F98FkSI,"55 minutes, 46 seconds",Thanks so MyHeritage for sponsoring this episode! Click here https://bit.ly/AdamRagusea_MH and sign up for a 14-day free trial and enjoy all the amazing features MyHeritage has to offer. If...,2022-12-01 13:32:39.233961
14,"Broiled chocolate chip cookies, v2.0",https://i.ytimg.com/vi/raNLUgnfTTQ/hqdefault.jpg?sqp=-oaymwEbCKgBEF5IVfKriqkDDggBFQAAiEIYAXABwAEG&rs=AOn4CLCqnBTNQXDNYLTclC1Uo83IHHvVLg,raNLUgnfTTQ,"8 minutes, 5 seconds","Thanks to Squarespace for sponsoring this video! Go to Squarespace.com for a free trial, and when you’re ready to launch, go to http://squarespace.com/ragusea and add code “RAGUSEA"" at...",2022-12-01 13:32:39.233961
15,Why certain E. coli bacteria are so bad,https://i.ytimg.com/vi/8RakBX3VnaY/hqdefault.jpg?sqp=-oaymwEbCKgBEF5IVfKriqkDDggBFQAAiEIYAXABwAEG&rs=AOn4CLCd6NXhIp_9_dFpwM04Yeax36dTxw,8RakBX3VnaY,"12 minutes, 19 seconds","Thanks Ritual for sponsoring this video! Click here http://ritual.com/ADAMRAGUSEA20 to get 20% off your first month of Ritual.

Thanks to Dr. Carla Schwan, director of the National Center for...",2022-12-01 13:32:39.233961
16,How to stop splatter in the kitchen,https://i.ytimg.com/vi/ccCvThI7uVc/hqdefault.jpg?sqp=-oaymwEbCKgBEF5IVfKriqkDDggBFQAAiEIYAXABwAEG&rs=AOn4CLCe1i0PFW9-TDpvfTYm_q9KzaOKjw,ccCvThI7uVc,"7 minutes, 3 seconds","Thanks to ASUS and AMD for sponsoring this video! Learn more about the ASUS Vivobook S 15 and ASUS Antibacterial Guard: https://asus.click/AdamRagusea

#ASUS #ASUSAntibacterialGuard #VivobookS15...",2022-12-01 13:32:39.233961
17,One-pan tuna noodle casserole (that actually tastes like something),https://i.ytimg.com/vi/o4mERYo9edo/hqdefault.jpg?sqp=-oaymwEbCKgBEF5IVfKriqkDDggBFQAAiEIYAXABwAEG&rs=AOn4CLDCslgTA7erwyNNCq09_7AnYlVtPg,o4mERYo9edo,"8 minutes, 35 seconds","Thanks to Squarespace for sponsoring this video! Go to Squarespace.com for a free trial, and when you’re ready to launch, go to http://squarespace.com/ragusea and add code “RAGUSEA"" at...",2022-12-01 13:32:39.233961
18,What even is lacto-fermentation?,https://i.ytimg.com/vi/7UdquGa6jBs/hqdefault.jpg?sqp=-oaymwEbCKgBEF5IVfKriqkDDggBFQAAiEIYAXABwAEG&rs=AOn4CLC-sraVNyr7t9BAvDYV0mPD6tA2zA,7UdquGa6jBs,"14 minutes, 58 seconds","Thanks to Native for sponsoring this video! Save 40% on your first Native Body Wash Pack  — normally $27, you’ll get it for $17! Click here https://bit.ly/nativeragusea05  and use my code...",2022-12-01 13:32:39.233961
19,Are white potatoes actually healthy? Why does tap water taste bad at the beach? (PODCAST E29),https://i.ytimg.com/vi/nXGj6r2AsmQ/hqdefault.jpg?sqp=-oaymwEbCKgBEF5IVfKriqkDDggBFQAAiEIYAXABwAEG&rs=AOn4CLDw5dpyZGcNZyA56K8Etv-m-scuGw,nXGj6r2AsmQ,"1 hour, 29 seconds",Thanks to Masterworks for sponsoring this episode! Skip the waitlist and invest in blue-chip art for the very first time by signing up for Masterworks: https://masterworks.art/ragusea Purchase...,2022-12-01 13:32:39.233961
20,Irish-style pot roast,https://i.ytimg.com/vi/Av5bljZ0MQ0/hqdefault.jpg?sqp=-oaymwEbCKgBEF5IVfKriqkDDggBFQAAiEIYAXABwAEG&rs=AOn4CLAqzjY5Qv7ybUDbFF1CvGr6d90cCw,Av5bljZ0MQ0,"8 minutes, 11 seconds","Thanks to HelloFresh for sponsoring this video! For 65% off with HelloFresh plus FREE shipping, use code ADAMRAGUSEA65: https://bit.ly/3RO6mRv

***RECIPE, SERVES 4-6***

3lb (1.36kg) mock tenderloi...",2022-12-01 13:32:39.233961
21,Resistant starch — the carb with no calories (kinda),https://i.ytimg.com/vi/rBdLrgvhuPQ/hqdefault.jpg?sqp=-oaymwEbCKgBEF5IVfKriqkDDggBFQAAiEIYAXABwAEG&rs=AOn4CLB7tn7ZdsK_CiV0cYx4-JDh1A-3ng,rBdLrgvhuPQ,"10 minutes, 31 seconds","Thanks to Surfshark for sponsoring this video! Get Surfshark VPN at https://Surfshark.deals/adamragusea — Enter promo code ADAMRAGUSEA for 83% off and 3 extra months for free!

2021 paper...",2022-12-01 13:32:39.233961
22,Champagne problems and the nature of happiness (PODCAST E28),https://i.ytimg.com/vi/iDIn9iRLk9I/hqdefault.jpg?sqp=-oaymwEbCKgBEF5IVfKriqkDDggBFQAAiEIYAXABwAEG&rs=AOn4CLAQ76jbgw2trljPhscBMHXZpFlpmg,iDIn9iRLk9I,"48 minutes, 21 seconds","Thanks to Shaker & Spoon for sponsoring this episode! Go to https://www.shakerandspoon.com/ragusea and use code ragusea to get $20 off your first box!

Thanks to Raycon for sponsoring this...",2022-12-01 13:32:39.233961
23,Pastina — tiny pasta porridge,https://i.ytimg.com/vi/NNvyKMp3JAY/hqdefault.jpg?sqp=-oaymwEbCKgBEF5IVfKriqkDDggBFQAAiEIYAXABwAEG&rs=AOn4CLB-3Gp8HuKTpzY07ppxzmXZPREW_g,NNvyKMp3JAY,"8 minutes, 23 seconds",Thanks to Fetch Rewards for sponsoring this video! Download the Fetch Rewards app now → https://fetch.thld.co/ragusea_1022 and use the code RAGUSEA to get 5000 points on your first receipt!...,2022-12-01 13:32:39.233961
24,The legal strength supplement that actually works (not an ad),https://i.ytimg.com/vi/XxZB3Q6EFJU/hqdefault.jpg?sqp=-oaymwEbCKgBEF5IVfKriqkDDggBFQAAiEIYAXABwAEG&rs=AOn4CLBc3J_rr9by_K75J4TWLZujIpXLPA,XxZB3Q6EFJU,"11 minutes, 44 seconds","Thanks to Magic Spoon for sponsoring this video! Use my code RAGUSEA to get $5 off your delicious, healthy Magic Spoon cereal by clicking this link: https://magicspoon.thld.co/ragusea_1022...",2022-12-01 13:32:39.233961
25,"Ragusea body transformation, part II",https://i.ytimg.com/vi/cbIcoUKG46c/hqdefault.jpg?sqp=-oaymwEbCKgBEF5IVfKriqkDDggBFQAAiEIYAXABwAEG&rs=AOn4CLBbNqP5Mi_6EcSxbcGiEhx7idH61g,cbIcoUKG46c,"7 minutes, 15 seconds",Go to https://noom.com/ragusea and take your free 30-second quiz! Thank you #noom for sponsoring today’s video!,2022-11-30 13:32:39.233961
26,German-style soft pretzels — no lye,https://i.ytimg.com/vi/niv6mtzkW3Q/hqdefault.jpg?sqp=-oaymwEbCKgBEF5IVfKriqkDDggBFQAAiEIYAXABwAEG&rs=AOn4CLAZI7byPn7UePi0YAdxfwYOgWj2Fg,niv6mtzkW3Q,"9 minutes, 30 seconds",Thanks to Helix Sleep for sponsoring this video! Click here https://helixsleep.com/ragusea for up to $200 off your Helix Sleep mattress plus two free pillows! Free shipping within the US! #helixsle...,2022-11-30 13:32:39.233961
27,Why 'seasoning' means so many different things,https://i.ytimg.com/vi/cJthSeeo3B8/hqdefault.jpg?sqp=-oaymwEbCKgBEF5IVfKriqkDDggBFQAAiEIYAXABwAEG&rs=AOn4CLDXXyScRiPM_NQM5AI6FA_c2vNhZQ,cJthSeeo3B8,"9 minutes, 31 seconds","Thanks to Squarespace for sponsoring this video! Go to Squarespace.com for a free trial, and when you’re ready to launch, go to http://squarespace.com/ragusea and add code “RAGUSEA"" at...",2022-11-30 13:32:39.233961
28,Is salt actually bad for you? Why do some people like salt way more than others do? (PODCAST E27),https://i.ytimg.com/vi/Jy2ncip_ILA/hqdefault.jpg?sqp=-oaymwEbCKgBEF5IVfKriqkDDggBFQAAiEIYAXABwAEG&rs=AOn4CLBz6ryn4CrYfxjkKzfZOG0tDi6uPw,Jy2ncip_ILA,"1 hour, 29 minutes, 24 seconds","Thanks to Trade Coffee for sponsoring this episode! Go to https://drinktrade.com/adamshow for $30 off your subscription to the best coffees in the country.

Thanks to Policygenius for sponsoring...",2022-11-30 13:32:39.233961
29,A pie that's literally all crust,https://i.ytimg.com/vi/8wMTI9jYv6U/hqdefault.jpg?sqp=-oaymwEbCKgBEF5IVfKriqkDDggBFQAAiEIYAXABwAEG&rs=AOn4CLBRXh2xM_8SDHSPRswZpVIEUu9jfw,8wMTI9jYv6U,"6 minutes, 11 seconds","Thanks to Harry's for sponsoring this video! Redeem your Starter Set for just $3: http://harrys.com/adam 

***RECIPE***

1 stick (113g) cold butter
1/2 stick (106g) melted butter
1 3/4 cup...",2022-11-30 13:32:39.233961
30,"Waxy vs floury potatoes (creamy vs mealy, boiling vs baking, etc)",https://i.ytimg.com/vi/QtkkB-5J1OQ/hqdefault.jpg?sqp=-oaymwEbCKgBEF5IVfKriqkDDggBFQAAiEIYAXABwAEG&rs=AOn4CLDuNyezuGTka8M7hRr6A28tK13elw,QtkkB-5J1OQ,"10 minutes, 25 seconds","Go to my sponsor https://snhu.edu/adam if you’re interested starting a career in social media marketing! Thanks, Southern New Hampshire University!

1994 paper from Iowa State with all the...",2022-11-30 13:32:39.233961
31,Is the liquid from canned foods ok to eat? Opinions on (potentially) illicit 'gear'? (PODCAST E26),https://i.ytimg.com/vi/JfgDxMFn0X4/hqdefault.jpg?sqp=-oaymwEbCKgBEF5IVfKriqkDDggBFQAAiEIYAXABwAEG&rs=AOn4CLAZsHRo4WYN7Z3GOJLBDt3k_J3OhA,JfgDxMFn0X4,"1 hour, 4 minutes, 35 seconds","Thanks to Masterworks for sponsoring this episode! Skip the waitlist and invest in blue-chip art for the very first time by signing up for Masterworks: https://masterworks.art/ragusea

Purchase...",2022-11-30 13:32:39.233961
32,"The trick for ultra-smooth, not-gluey mashed potatoes",https://i.ytimg.com/vi/NYDyobSRmw8/hqdefault.jpg?sqp=-oaymwEbCKgBEF5IVfKriqkDDggBFQAAiEIYAXABwAEG&rs=AOn4CLBDDMsf2DMKMSEf7mIWhzF-0fSiTw,NYDyobSRmw8,"9 minutes, 36 seconds","Thanks to Audible for sponsoring this video! Let Audible help you discover new ways to laugh, be inspired, or be entertained. New members can try it free for 30 days. Visit https://audible.com/adam...",2022-11-30 13:32:39.233961
33,"Why I salt my mashed potatoes, not my boil water (and other mash myths debunked)",https://i.ytimg.com/vi/u94l5bS2d_o/hqdefault.jpg?sqp=-oaymwEbCKgBEF5IVfKriqkDDggBFQAAiEIYAXABwAEG&rs=AOn4CLC_cvCwskvqbw1DCUWtgrAElpRnMA,u94l5bS2d_o,"10 minutes, 49 seconds","Thanks to HelloFresh for sponsoring this video! For 16 free meals with HelloFresh across 7 boxes AND 3 free gifts, use code ADAMRAGUSEA16 at: https://bit.ly/3H8Rbgh",2022-11-30 13:32:39.233961
34,Is it bad to taste from the stirring spoon? Why you gotta make everything political? (PODCAST E25),https://i.ytimg.com/vi/6h18Z8HnEoU/hqdefault.jpg?sqp=-oaymwEbCKgBEF5IVfKriqkDDggBFQAAiEIYAXABwAEG&rs=AOn4CLAOTm1bgOsGvIBNEjiJDhoS5X-yFQ,6h18Z8HnEoU,"1 hour, 3 minutes, 56 seconds","On this episode of the Ask Adam Podcast, Adam answers your pressing questions. Including the most pressing question: is it bad to tase from the stirring spoon?

Thank you to Future for sponsoring...",2022-11-30 13:32:39.233961
35,Bouillabaisse — Frenchy fish stew with croutons and rouille,https://i.ytimg.com/vi/d7yDx8WM2Q8/hqdefault.jpg?sqp=-oaymwEbCKgBEF5IVfKriqkDDggBFQAAiEIYAXABwAEG&rs=AOn4CLARgNIS1EQ-yCRBbFq-17f0-QNO1g,d7yDx8WM2Q8,"8 minutes, 8 seconds","Thanks to Squarespace for sponsoring this video! Go to Squarespace.com for a free trial, and when you’re ready to launch, go to http://squarespace.com/ragusea and add code “RAGUSEA"" at...",2022-11-30 13:32:39.233961
36,"Nightshades (probably) aren't hurting you (tomatoes, peppers, potatoes, eggplant, etc)",https://i.ytimg.com/vi/ZHanNbB2OaI/hqdefault.jpg?sqp=-oaymwEbCKgBEF5IVfKriqkDDggBFQAAiEIYAXABwAEG&rs=AOn4CLCLl0SFJ_nI18LN3UgWMVrVraVsew,ZHanNbB2OaI,"11 minutes, 6 seconds","Thanks to Trade Coffee for sponsoring this video! Click https://www.drinktrade.com/RAGUSEA to get $30 off your first order plus free shipping

2022 Arthritis Foundation overview of the nightshades...",2022-11-30 13:32:39.233961
37,Why don't you use serrated knives? Are home-fermented foods safe? More money Qs? (PODCAST E24),https://i.ytimg.com/vi/le4_c9aBIqA/hqdefault.jpg?sqp=-oaymwEbCKgBEF5IVfKriqkDDggBFQAAiEIYAXABwAEG&rs=AOn4CLAGmWRVU22HVKn-0u8aDcT96v59XQ,le4_c9aBIqA,"59 minutes, 39 seconds","Thanks to Indeed for sponsoring this episode! Need to hire? You need Indeed: http://indeed.com/RAGUSEA

On this week's episode of the Ask Adam Podcast, Adam Ragusea answers the following questions:...",2022-11-30 13:32:39.233961
38,Baba ghanoush with crispy grilled flatbread,https://i.ytimg.com/vi/nnNHuG_8Pa8/hqdefault.jpg?sqp=-oaymwEbCKgBEF5IVfKriqkDDggBFQAAiEIYAXABwAEG&rs=AOn4CLBrIYXyvT0TWbWY46jsrlu7_ouLOA,nnNHuG_8Pa8,"9 minutes, 18 seconds","Thanks to Aura for sponsoring this video! Try 14 days free and protect yourself from identity theft: https://aura.com/adam

***RECIPE***

For the dip

6-7 lbs (3 kilos) fresh eggplants
1-2...",2022-11-29 13:32:39.233961
39,Figs have tiny dead wasps inside them (but they're ok to eat),https://i.ytimg.com/vi/tRBiY65N2gk/hqdefault.jpg?sqp=-oaymwEbCKgBEF5IVfKriqkDDggBFQAAiEIYAXABwAEG&rs=AOn4CLB1CpG_QDSW5ho-pA1q7georT5Aqg,tRBiY65N2gk,"10 minutes, 12 seconds","Thanks to Squarespace for sponsoring this video! Go to Squarespace.com for a free trial, and when you’re ready to launch, go to http://squarespace.com/ragusea and add code “RAGUSEA"" at...",2022-11-29 13:32:39.233961
40,Ask Adam: How does YouTube money work (or not)? (PODCAST E23),https://i.ytimg.com/vi/G6pVD9Bya3E/hqdefault.jpg?sqp=-oaymwEbCKgBEF5IVfKriqkDDggBFQAAiEIYAXABwAEG&rs=AOn4CLCXYAOC1IKyMJNrmmjuSCfRRzUqfA,G6pVD9Bya3E,"59 minutes, 45 seconds","Thanks to Masterworks for sponsoring this episode! Skip the waitlist and invest in blue-chip art for the very first time by signing up for Masterworks: https://masterworks.art/ragusea

Purchase...",2022-11-29 13:32:39.233961
41,Zebra icebox cake — homemade chocolate cookies in malted milk cream,https://i.ytimg.com/vi/tOQh2P74Y2U/hqdefault.jpg?sqp=-oaymwEbCKgBEF5IVfKriqkDDggBFQAAiEIYAXABwAEG&rs=AOn4CLB84Fc6SC_vDFlcTCAaU7c46Ug82Q,tOQh2P74Y2U,"7 minutes, 19 seconds","Thanks Allform for sponsoring this video! Click https://www.allform.com/adamragusea for 20% off the sofa of your choice! We chose a whiskey leather 3-seater with a chaise. #Allform 

***RECIPE,...",2022-11-29 13:32:39.233961
42,Cooking internet and lifting internet have the same problem,https://i.ytimg.com/vi/x1kv3oKoZkQ/hqdefault.jpg?sqp=-oaymwEbCKgBEF5IVfKriqkDDggBFQAAiEIYAXABwAEG&rs=AOn4CLDgV4MONeulbxSw-_ELGQRDOPskZA,x1kv3oKoZkQ,"18 minutes, 43 seconds","Thanks to Magic Spoon for sponsoring this video! Use my code RAGUSEA to get $5 off your delicious, healthy Magic Spoon cereal by clicking this link: https://magicspoon.thld.co/ragusea_0822",2022-11-29 13:32:39.233961
43,What's in pasta water? Is Beano bad for gut health? Why ruin crispy food with sauce? (PODCAST E22),https://i.ytimg.com/vi/BaJ_DrT5mO0/hqdefault.jpg?sqp=-oaymwEbCKgBEF5IVfKriqkDDggBFQAAiEIYAXABwAEG&rs=AOn4CLCFN60O7VioThA1JLc07D8yjuB1bg,BaJ_DrT5mO0,"46 minutes, 14 seconds","On this week's episode of the Ask Adam Podcast, Adam answers the following questions:
00:28 What exactly is in pasta water and why is it good?
24:44 Is Beano bad for gut health?
37:48 Why do...",2022-11-29 13:32:39.233961
44,"Texas barbecue brisket, charcoal or gas grill",https://i.ytimg.com/vi/Oizf7pG7AN0/hqdefault.jpg?sqp=-oaymwEbCKgBEF5IVfKriqkDDggBFQAAiEIYAXABwAEG&rs=AOn4CLAO1F6yGCGwUxXQCZz2EcU6l6i17g,Oizf7pG7AN0,"11 minutes, 20 seconds","Thanks to Audible for sponsoring this video! Let Audible help you discover new ways to laugh, be inspired, or be entertained. New members can try it free for 30 days. Visit https://audible.com/adam...",2022-11-29 13:32:39.233961
45,The tiny fruits you eat all the time,https://i.ytimg.com/vi/0Kv0L0slApM/hqdefault.jpg?sqp=-oaymwEbCKgBEF5IVfKriqkDDggBFQAAiEIYAXABwAEG&rs=AOn4CLAVNQegunnBxq3ZkALtQ2zMbOnbHg,0Kv0L0slApM,"8 minutes, 47 seconds","Thanks to Squarespace for sponsoring this video! Go to Squarespace.com for a free trial, and when you’re ready to launch, go to http://squarespace.com/ragusea and add code “RAGUSEA"" at...",2022-11-29 13:32:39.233961
46,Ask Adam: Leftover rice syndrome; why East Asians eat out so much; Adam's future (PODCAST E21),https://i.ytimg.com/vi/1-ZrC-IVidg/hqdefault.jpg?sqp=-oaymwEbCKgBEF5IVfKriqkDDggBFQAAiEIYAXABwAEG&rs=AOn4CLAkH2wlX6mLxuEVNsmXWYBnGdwp0g,1-ZrC-IVidg,"55 minutes, 21 seconds","Thanks to 80,000 Hours for sponsoring this episode! Start planning a career that is meaningful, fulfilling, and helps solve the world’s most pressing problems: https://80000hours.org/ragusea...",2022-11-29 13:32:39.233961
47,Grilled Chinese long bean sandwich (BRINGING SEXY BEANS E2),https://i.ytimg.com/vi/Rwdpt_9Dkz8/hqdefault.jpg?sqp=-oaymwEbCKgBEF5IVfKriqkDDggBFQAAiEIYAXABwAEG&rs=AOn4CLANsHqoXh2HQldz-7DRlMn5uA-dSw,Rwdpt_9Dkz8,"7 minutes, 21 seconds","Thanks to Ritual for sponsoring this video! Use my link https://ritual.com/20ADAM and code 20ADAM for 20% off your first month of Ritual. #ritualpartner

*These statements have not been evaluated...",2022-11-29 13:32:39.233961
48,"Every way of making pink pickled onions, the greatest condiment",https://i.ytimg.com/vi/6VPkezPD0EE/hqdefault.jpg?sqp=-oaymwEbCKgBEF5IVfKriqkDDggBFQAAiEIYAXABwAEG&rs=AOn4CLBOg2cKL7LP1bwDkyeJmbh_SJn9fA,6VPkezPD0EE,"14 minutes, 41 seconds","Thanks to HelloFresh for sponsoring this video! For 16 free meals with HelloFresh across 7 boxes AND 3 free gifts, use code ADAMRAGUSEA16: https://bit.ly/3H8Rbgh

My old video about anthocyanins...",2022-11-29 13:32:39.233961
49,Ask Adam: Why do we like extremely hot/cold food? Real vanilla vs imitation vanilla? (PODCAST E20),https://i.ytimg.com/vi/8dOJz8T3J4A/hqdefault.jpg?sqp=-oaymwEbCKgBEF5IVfKriqkDDggBFQAAiEIYAXABwAEG&rs=AOn4CLBiN74ZI4a8iPboBL31K2MLPrbbww,8dOJz8T3J4A,"1 hour, 46 seconds","Thanks to Skillshare for sponsoring this episode! The first 1,000 people to use this link will get a 1 month free trial of Skillshare: https://skl.sh/adamragusea08221

Thanks to Indeed for...",2022-11-29 13:32:39.233961
50,Fancier mushroom risotto (vegan or not),https://i.ytimg.com/vi/R_j5k4YCDdI/hqdefault.jpg?sqp=-oaymwEbCKgBEF5IVfKriqkDDggBFQAAiEIYAXABwAEG&rs=AOn4CLCM2WsFA7ZuxsqXGEeiRCogep4vew,R_j5k4YCDdI,"11 minutes, 26 seconds","Thanks to Fetch Rewards for sponsoring this video! Download the Fetch Rewards app now → https://fetch.thld.co/ragusea_0822 and use the code RAGUSEA to get 5,000 points on your first receipt!...",2022-11-29 13:32:39.233961
51,How smoke preserves food,https://i.ytimg.com/vi/qNrnwAKBU3Q/hqdefault.jpg?sqp=-oaymwEbCKgBEF5IVfKriqkDDggBFQAAiEIYAXABwAEG&rs=AOn4CLBfI2sDLLesjZsWCXlmeVhYmrkRBw,qNrnwAKBU3Q,"16 minutes, 31 seconds","Thanks to Surfshark for sponsoring this video! Get Surfshark VPN at https://Surfshark.deals/adamragusea — Enter promo code ADAMRAGUSEA for 83% off and 3 extra months for free!

2014 literature...",2022-11-28 13:32:39.233961
52,Ask Adam: Why is European food bland? Are closed mussels actually bad? Career advice? (PODCAST E19),https://i.ytimg.com/vi/NkFCU8oVhFA/hqdefault.jpg?sqp=-oaymwEbCKgBEF5IVfKriqkDDggBFQAAiEIYAXABwAEG&rs=AOn4CLDlnTvQemgue1RglvPcog7MUXRHvA,NkFCU8oVhFA,"1 hour, 1 minute, 28 seconds","Thanks to Shaker & Spoon for sponsoring this episode! Go to https://shakerandspoon.com/ragusea and use code ragusea to get $20 off your first box! 

Thanks to 80,000 Hours for sponsoring this...",2022-11-28 13:32:39.233961
53,Citrus beef stir fry with grilled peppers,https://i.ytimg.com/vi/HM1BJ_JXj20/hqdefault.jpg?sqp=-oaymwEbCKgBEF5IVfKriqkDDggBFQAAiEIYAXABwAEG&rs=AOn4CLDDJgeXiJXQ6HKsQMByIrt0CJZDDA,HM1BJ_JXj20,"7 minutes, 53 seconds","Thanks to Squarespace for sponsoring this video! Go to Squarespace.com for a free trial, and when you’re ready to launch, go to http://squarespace.com/ragusea and add code “RAGUSEA"" at...",2022-11-28 13:32:39.233961
54,"Cucumbers are melons, and sometimes they explode",https://i.ytimg.com/vi/1H2EGYcKF-c/hqdefault.jpg?sqp=-oaymwEbCKgBEF5IVfKriqkDDggBFQAAiEIYAXABwAEG&rs=AOn4CLD9_dL6icXKt-1iMp-JTpgh0bZGCA,1H2EGYcKF-c,"12 minutes, 12 seconds","Thanks to Trade Coffee for sponsoring this video! Get $30 off your first order plus free shipping: https://www.drinktrade.com/RAGUSEA

2000 experimental study on what causes the cucumber burps:...",2022-11-28 13:32:39.233961
55,Ask Adam: How dare you change Italian food? WTF is cross-contamination? Beans and gas? (PODCAST E18),https://i.ytimg.com/vi/v6o9TF3BYAQ/hqdefault.jpg?sqp=-oaymwEbCKgBEF5IVfKriqkDDggBFQAAiEIYAXABwAEG&rs=AOn4CLBjBRlBicCvteE_e3q804_VdxC5tw,v6o9TF3BYAQ,"59 minutes, 29 seconds","Thanks to Policygenius for sponsoring this episode! To start comparing quotes and simplify insurance-buying, check out Policygenius: https://www.policygenius.com/raguseapodcast

Thanks to Indeed...",2022-11-28 13:32:39.233961
56,Eton mess — most British dessert ever?,https://i.ytimg.com/vi/GyVA_yjRKdw/hqdefault.jpg?sqp=-oaymwEbCKgBEF5IVfKriqkDDggBFQAAiEIYAXABwAEG&rs=AOn4CLBUSCwgnYK6fFEnq1auPS0yVYDLYg,GyVA_yjRKdw,"10 minutes, 34 seconds","Thanks to Aura for sponsoring this video! Try 14 days free and protect yourself from identity theft: https://aura.com/adam

***TRADITIONAL RECIPE, SERVES FOUR***

2 egg whites
1 lb (454g) fresh...",2022-11-28 13:32:39.233961
57,Do you really have to 'fold' egg foams? Can't you just mix them?,https://i.ytimg.com/vi/HsMzE2MwN8o/hqdefault.jpg?sqp=-oaymwEbCKgBEF5IVfKriqkDDggBFQAAiEIYAXABwAEG&rs=AOn4CLB3YqE4nChVo4QZYZj1HISKEC_xbA,HsMzE2MwN8o,"12 minutes, 36 seconds",Thanks to Helix Sleep for sponsoring this video! Click here https://helixsleep.com/ragusea for up to $200 off your Helix Sleep mattress plus two free pillows! Free shipping within the US! #helixsle...,2022-11-28 13:32:39.233961
58,Ask Adam: Why refrigerate eggs? Is bigger salt better? Why are recipes always 'easy'? (PODCAST E17),https://i.ytimg.com/vi/EP4YajqsJJ4/hqdefault.jpg?sqp=-oaymwEbCKgBEF5IVfKriqkDDggBFQAAiEIYAXABwAEG&rs=AOn4CLCfYNpqlyQ_sOtzBf3oU42yfupMOA,EP4YajqsJJ4,"1 hour, 4 minutes, 55 seconds","Thanks to Shaker & Spoon for sponsoring this episode! Go to https://shakerandspoon.com/ragusea and use code ragusea to get $20 off your first box! 

00:33 Why do Americans refrigerate their...",2022-11-28 13:32:39.233961
59,Venetian rice and peas — 'risi e bisi',https://i.ytimg.com/vi/Um-Kxv-eToM/hqdefault.jpg?sqp=-oaymwEbCKgBEF5IVfKriqkDDggBFQAAiEIYAXABwAEG&rs=AOn4CLCZGYWZYCq3gHAMSd6SgmCkN1s_WQ,Um-Kxv-eToM,"7 minutes, 1 second","Thanks to Ritual for sponsoring this video! Click here https://ritual.com/adam20 and use code ADAM20 to get 20% off your first month with Ritual. #ritualpartner

*These statements have not...",2022-11-28 13:32:39.233961
60,What even are beans? Are they vegetables? Why aren't they grains?,https://i.ytimg.com/vi/TZ6V3Wf4d0A/hqdefault.jpg?sqp=-oaymwEbCKgBEF5IVfKriqkDDggBFQAAiEIYAXABwAEG&rs=AOn4CLAcq7aOoUuAhY9nA8cfTBnwZTl2tQ,TZ6V3Wf4d0A,"12 minutes, 56 seconds","Thanks to Squarespace for sponsoring this video! Go to Squarespace.com for a free trial, and when you’re ready to launch, go to http://squarespace.com/ragusea and add code “RAGUSEA"" at...",2022-11-28 13:32:39.233961
61,Ask Adam: Is diet soda bad? Why do Westerners use forks? Adam's 'explaining' voice? (PODCAST E16),https://i.ytimg.com/vi/RsgDuyXnfps/hqdefault.jpg?sqp=-oaymwEbCKgBEF5IVfKriqkDDggBFQAAiEIYAXABwAEG&rs=AOn4CLBrI96bHZINohd1oq4nkKsXVv1BIA,RsgDuyXnfps,"57 minutes, 14 seconds","Thanks to Surfshark for sponsoring this episode! Get Surfshark VPN at https://Surfshark.deals/adamragusea — Enter promo code ADAMRAGUSEA for 83% off + 3 extra months for free!

Thanks to...",2022-11-27 13:32:39.233961
62,White & dark chocolate mousse — no raw eggs,https://i.ytimg.com/vi/lR8nisZUXWM/hqdefault.jpg?sqp=-oaymwEbCKgBEF5IVfKriqkDDggBFQAAiEIYAXABwAEG&rs=AOn4CLCGzywJusWwIMDSGBiybz4DbBLfhg,lR8nisZUXWM,"8 minutes, 58 seconds","Thank you #Noom for sponsoring today’s video! Go to https://noom.com/ragusea and take your free 30-second quiz.

My preview video about how a little fat will mess up egg foams: https://youtu.be/9...",2022-11-27 13:32:39.233961
63,You really can't whip egg whites with yolk in them?,https://i.ytimg.com/vi/9_zECyLC0Wk/hqdefault.jpg?sqp=-oaymwEbCKgBEF5IVfKriqkDDggBFQAAiEIYAXABwAEG&rs=AOn4CLDc90b2splAa7am65bTNSXU7892pw,9_zECyLC0Wk,"13 minutes, 29 seconds","Thanks Allform for sponsoring this video! Click https://www.allform.com/adamragusea for 20% off the sofa of your choice! We chose a whiskey leather 3-seater with a chaise. #Allform 

Dr. Guang...",2022-11-27 13:32:39.233961
64,Ask Adam: Is breakfast important? Salad AFTER dinner? Future of fake meat? (PODCAST E15),https://i.ytimg.com/vi/hbKjua9LbTs/hqdefault.jpg?sqp=-oaymwEbCKgBEF5IVfKriqkDDggBFQAAiEIYAXABwAEG&rs=AOn4CLDW8F5v2D4u6x6CsAC2dSw8ha3QUA,hbKjua9LbTs,"56 minutes, 29 seconds",Thanks to Indeed for sponsoring this episode! Start hiring NOW with a $75 sponsored job credit to upgrade your job post at http://indeed.com/RAGUSEA. Offer good for a limited time. Terms and...,2022-11-27 13:32:39.233961
65,"Traditional ragù alla bolognese, with fresh egg tagliatelle",https://i.ytimg.com/vi/VnYpoTM9ihc/hqdefault.jpg?sqp=-oaymwEbCKgBEF5IVfKriqkDDggBFQAAiEIYAXABwAEG&rs=AOn4CLDYpHxfUYVddSbPelGEq-Hro4SWog,VnYpoTM9ihc,"11 minutes, 54 seconds","Thanks to Magic Spoon for sponsoring this video! Use my code RAGUSEA to get $5 off your delicious, healthy Magic Spoon cereal: https://magicspoon.thld.co/ragusea_0622

My old, non-traditional...",2022-11-27 13:32:39.233961
66,The source of licorice/liquorice/anise flavor,https://i.ytimg.com/vi/AIfyZx6hOCk/hqdefault.jpg?sqp=-oaymwEbCKgBEF5IVfKriqkDDggBFQAAiEIYAXABwAEG&rs=AOn4CLBDbSkbJukMfkUD2hKjss9TyXGYkQ,AIfyZx6hOCk,"9 minutes, 25 seconds","Thanks to Native for sponsoring this video! Save 33% on your first Native Plastic-Free Deodorant Pack — normally $39, you’ll get it for $26! Use my code RAGUSEA3 here: https://bit.ly/nativeragu...",2022-11-27 13:32:39.233961
67,"The actual science of the ""industrial seed oil"" panic (PODCAST E14)",https://i.ytimg.com/vi/efTBLsv4yYs/hqdefault.jpg?sqp=-oaymwEbCKgBEF5IVfKriqkDDggBFQAAiEIYAXABwAEG&rs=AOn4CLBYp_p0PO9NAmj2rQlJis-KmLfSSw,efTBLsv4yYs,"1 hour, 15 minutes, 41 seconds","Thanks to Tippsy Sake for sponsoring this episode! Use code ADAM 10％ off all products, and code ADAM30 for $30 off your first Sake Box:  https://www.tippsysake.com/discount/ADAM

This episode...",2022-11-27 13:32:39.233961
68,Fire beans (BRINGING SEXY BEANS E1),https://i.ytimg.com/vi/cqfbcskdiCE/hqdefault.jpg?sqp=-oaymwEbCKgBEF5IVfKriqkDDggBFQAAiEIYAXABwAEG&rs=AOn4CLDpE1kp2R053K5OU_kvznOUzx-HyA,cqfbcskdiCE,"8 minutes, 4 seconds","Thanks to Squarespace for sponsoring this video! Go to Squarespace.com for a free trial, and when you’re ready to launch, go to http://squarespace.com/ragusea and add code “RAGUSEA"" at...",2022-11-27 13:32:39.233961
69,Why copper pans are great (and sometimes poisonous),https://i.ytimg.com/vi/vZfvsaKrGss/hqdefault.jpg?sqp=-oaymwEbCKgBEF5IVfKriqkDDggBFQAAiEIYAXABwAEG&rs=AOn4CLDZWwvIXdDoDlaQw7UaOXVoPu_8ew,vZfvsaKrGss,13 minutes,"Thanks to Dropbox for sponsoring a portion of this video! Get Dropbox Backup to protect your videos, photos and crucial documents: https://www.dropbox.com/adamragusea

Thanks to Cardinal Spirits...",2022-11-27 13:32:39.233961
70,Ask Adam: Is eating cholesterol actually bad? Why are cold fries so gross? (PODCAST E13),https://i.ytimg.com/vi/AwQ7g19eyWw/hqdefault.jpg?sqp=-oaymwEbCKgBEF5IVfKriqkDDggBFQAAiEIYAXABwAEG&rs=AOn4CLC7HZlXjx4wNBbsQc6C08yq9mPf7Q,AwQ7g19eyWw,"56 minutes, 51 seconds","Thank you to Future for sponsoring this episode! Work with a fitness coach who will keep you accountable. Try your first month for $19: https://tryfuture.co/AdamRagusea

On this episode of...",2022-11-27 13:32:39.233961
71,Rice with Korean BBQ (and other stuff) — Bibimbap from Seoul Brothers,https://i.ytimg.com/vi/vjJO5dOv7Nw/hqdefault.jpg?sqp=-oaymwEbCKgBEF5IVfKriqkDDggBFQAAiEIYAXABwAEG&rs=AOn4CLDnEXOgYkj9nVPELhsnySFk01mKSQ,vjJO5dOv7Nw,"12 minutes, 42 seconds","Thanks to Brightland for sponsoring this video! Click this link https://brightland.co/ADAMRAGUSEA2  to find out more about Brightland’s high-quality products and get 10% off!

Thanks to Chef...",2022-11-27 13:32:39.233961
72,The enchanting smell (and revolting flavor) of rain,https://i.ytimg.com/vi/_8vHsY_QVHM/hqdefault.jpg?sqp=-oaymwEbCKgBEF5IVfKriqkDDggBFQAAiEIYAXABwAEG&rs=AOn4CLCpkfpBSL01RAH13P0F-phYbPbX-g,_8vHsY_QVHM,"8 minutes, 49 seconds","Thanks to HelloFresh for sponsoring this video! Use code ADAMRAGUSEA16 for up to 16 FREE MEALS + 3 Surprise Gifts across 6 HelloFresh boxes plus free shipping: https://bit.ly/3H8Rbgh

Harry...",2022-11-27 13:32:39.233961
73,Ask Adam: Brits dumping metric? Why is white bread white? Best cookware for the car? (PODCAST E12),https://i.ytimg.com/vi/Tqg2UBbIG8I/hqdefault.jpg?sqp=-oaymwEbCKgBEF5IVfKriqkDDggBFQAAiEIYAXABwAEG&rs=AOn4CLBBnpQikhdPz-vsscSvPml57Z6dkw,Tqg2UBbIG8I,"50 minutes, 32 seconds",Thanks to Surfshark for sponsoring this episode! Get Surfshark VPN at https://Surfshark.deals/adamragusea — Enter promo code ADAMRAGUSEA for 83% off + 3 extra months & Antivirus for free!...,2022-11-27 13:32:39.233961
74,Rösti — Swiss potato cake (eight techniques tested),https://i.ytimg.com/vi/lt7u470DOiY/hqdefault.jpg?sqp=-oaymwEbCKgBEF5IVfKriqkDDggBFQAAiEIYAXABwAEG&rs=AOn4CLDdqHSuib93rlCdt0pcX-4Di53Hdw,lt7u470DOiY,"12 minutes, 8 seconds","Thanks to ShipStation for sponsoring this video! Get a 60-day free trial: https://www.shipstation.com/ragusea

***RECIPE***

potatoes (1/2 lb, 227g per person, I like Yukon Golds)
fat/oil (I...",2022-11-26 13:32:39.233961
75,"Is moldy food really that dangerous? (We're not sure, but don't risk it.)",https://i.ytimg.com/vi/NgduUAu8s3g/hqdefault.jpg?sqp=-oaymwEbCKgBEF5IVfKriqkDDggBFQAAiEIYAXABwAEG&rs=AOn4CLDweuvlU6SdQuzeCYEctIZykx_k0w,NgduUAu8s3g,"13 minutes, 59 seconds",Thanks to Fetch Rewards for sponsoring today's video! Download the Fetch Rewards app now → https://fetch.thld.co/ragusea_0522 and use the code RAGUSEA to get 3000 points on your first receipt!...,2022-11-26 13:32:39.233961
76,Restaurant menus and the art of persuasion (PODCAST E11),https://i.ytimg.com/vi/Wr6Zsxm4ork/hqdefault.jpg?sqp=-oaymwEbCKgBEF5IVfKriqkDDggBFQAAiEIYAXABwAEG&rs=AOn4CLD3JABhseGX58VXjP4HStoSA4J5PA,Wr6Zsxm4ork,"48 minutes, 39 seconds","""Mountain yam, caramelized white chocolate, popcorn, coconut."" That's an actual restaurant dessert documented by Dr. Alison Pearlman in her book, ""May We Suggest: Restaurant Menus and the Art...",2022-11-26 13:32:39.233961
77,"Basic thin burger patties, grill or pan",https://i.ytimg.com/vi/kWEKWJAgtC8/hqdefault.jpg?sqp=-oaymwEbCKgBEF5IVfKriqkDDggBFQAAiEIYAXABwAEG&rs=AOn4CLC_Jezf5uAeM7sX5TRf91AXOM5-rg,kWEKWJAgtC8,"10 minutes, 53 seconds","Thanks to Squarespace for sponsoring this video! Go to Squarespace.com for a free trial, and when you’re ready to launch, go to http://squarespace.com/ragusea and add code “RAGUSEA"" at...",2022-11-26 13:32:39.233961
78,"Tongues, brain sauce, and other delights from 19th- and early-20th century menus",https://i.ytimg.com/vi/U9psXeonflo/hqdefault.jpg?sqp=-oaymwEbCKgBEF5IVfKriqkDDggBFQAAiEIYAXABwAEG&rs=AOn4CLA6A9cIp91mgGeGXUkjoW6fEioeQQ,U9psXeonflo,"13 minutes, 28 seconds","Thanks to Trade Coffee for sponsoring this video! Click https://www.drinktrade.com/RAGUSEA to get $30 off your first three bags plus free shipping

This video features the book ""Menu Design...",2022-11-26 13:32:39.233961
79,"Ask Adam: Carbon steel seasoning, why Adam left TikTok, Papa John's fail  (PODCAST E10)",https://i.ytimg.com/vi/E7HzllG46WE/hqdefault.jpg?sqp=-oaymwEbCKgBEF5IVfKriqkDDggBFQAAiEIYAXABwAEG&rs=AOn4CLCLnDsb0N96KWDOiHdyG6uDB2jMsg,E7HzllG46WE,"51 minutes, 57 seconds","Thanks to Honey for sponsoring this episode! Get Honey FREE now and start saving when you shop online: https://www.joinhoney.com/raguseashow

On this episode of the podcast, Adam asks some...",2022-11-26 13:32:39.233961
80,Dutch baby — sweet and savory popover pancakes,https://i.ytimg.com/vi/xFIyWfrmF6E/hqdefault.jpg?sqp=-oaymwEbCKgBEF5IVfKriqkDDggBFQAAiEIYAXABwAEG&rs=AOn4CLC-YFh1SpLsNkDL8X7l3dW8s360Og,xFIyWfrmF6E,"7 minutes, 13 seconds",Thanks to Misen for sponsoring this video! Upgrade your kitchen with Misen's amazing cookware and knives. Go to https://bit.ly/3M4ol3u and use promo code adamragusea to get 20% off your first...,2022-11-26 13:32:39.233961
81,Why (fancy) restaurant menus shrank,https://i.ytimg.com/vi/0qNWzpOc69U/hqdefault.jpg?sqp=-oaymwEbCKgBEF5IVfKriqkDDggBFQAAiEIYAXABwAEG&rs=AOn4CLD8Pk7cnyVw6cpm3B6yKq-flJyy7A,0qNWzpOc69U,"12 minutes, 3 seconds","Thanks to Squarespace for sponsoring this video! Go to Squarespace.com for a free trial, and when you’re ready to launch, go to http://squarespace.com/ragusea and add code “RAGUSEA"" at...",2022-11-26 13:32:39.233961
82,Ask Adam: What's wrong with American bread? Help for picky eater? Russian food boycott? (PODCAST E9),https://i.ytimg.com/vi/5p7ofs3F82U/hqdefault.jpg?sqp=-oaymwEbCKgBEF5IVfKriqkDDggBFQAAiEIYAXABwAEG&rs=AOn4CLC5RGtRRSBFdygjOt8YZmyetZFdKQ,5p7ofs3F82U,"54 minutes, 9 seconds","Thanks to Skillshare for sponsoring this episode! The first 1,000 people to use this link will get a 1 month free trial: https://skl.sh/adamragusea05221

Thanks to Helix Sleep for sponsoring...",2022-11-26 13:32:39.234961
83,Crispy French toast,https://i.ytimg.com/vi/OYF7-ep9lQ4/hqdefault.jpg?sqp=-oaymwEbCKgBEF5IVfKriqkDDggBFQAAiEIYAXABwAEG&rs=AOn4CLAcGtsmCeLD402SsRI9JtzIE0KmHw,OYF7-ep9lQ4,"9 minutes, 4 seconds","Thanks to Surfshark for sponsoring this video! Get Surfshark VPN at https://Surfshark.deals/adamragusea — Enter promo code ADAMRAGUSEA for 83% off and 3 extra months for free!

***RECIPE***...",2022-11-26 13:32:39.234961
84,Why modern sandwich bread is different from 'real' bread,https://i.ytimg.com/vi/i3sP2jwG9jc/hqdefault.jpg?sqp=-oaymwEbCKgBEF5IVfKriqkDDggBFQAAiEIYAXABwAEG&rs=AOn4CLAqG1wl9kplvQ01DywjXuQKpJ4SCA,i3sP2jwG9jc,"13 minutes, 29 seconds",Thanks for Helix Sleep for sponsoring this video! Click here https://helixsleep.com/ragusea for up to $200 off your Helix Sleep mattress plus two free pillows! Free shipping within the United...,2022-11-26 13:32:39.234961
85,"Why calorie counts are wrong, and what to do about it (PODCAST E8)",https://i.ytimg.com/vi/C-H4KwoKaOc/hqdefault.jpg?sqp=-oaymwEbCKgBEF5IVfKriqkDDggBFQAAiEIYAXABwAEG&rs=AOn4CLBaP4eLbSooQZmEZiqIZCjod7TJ9w,C-H4KwoKaOc,"48 minutes, 16 seconds","On the pod this week, a conversation with Dr. Giles Yeo, obesity researcher at Cambridge University and author of ""Why Calories Don't Count: How We Got the Science of Weight Loss Wrong"": https://ww...",2022-11-26 13:32:39.234961
86,Chicken that actually fits on a sandwich | Garlic and mustard aioli,https://i.ytimg.com/vi/OiO_Ame4YAI/hqdefault.jpg?sqp=-oaymwEbCKgBEF5IVfKriqkDDggBFQAAiEIYAXABwAEG&rs=AOn4CLBhxsvA6gaTp-sd26Vc5FmB_fu_fg,OiO_Ame4YAI,"11 minutes, 36 seconds",Thanks to HelloFresh for sponsoring this video! Use code ADAMRAGUSEA16 for up to 16 FREE MEALS + three surprise gifts across six HelloFresh boxes plus free shipping: https://bit.ly/3H8Rbgh...,2022-11-26 13:32:39.234961
87,"How garlic can emulsify sauces (aioli, alioli, allioli, aïoli, toum, etc)",https://i.ytimg.com/vi/fqHqEGGz1tE/hqdefault.jpg?sqp=-oaymwEbCKgBEF5IVfKriqkDDggBFQAAiEIYAXABwAEG&rs=AOn4CLDvnYQBxtO8h9vpsRRXeuCjnwgcFA,fqHqEGGz1tE,"13 minutes, 42 seconds","Thank you to Future for sponsoring this video! Work with a fitness coach who will keep you accountable. Try your first month for $19: https://tryfuture.co/Adam

""Emulsification properties of...",2022-11-25 13:32:39.234961
88,"Ask Adam: Cotton candy flavor, Trader Joe's, and why recipes call for HOT pans (PODCAST E7)",https://i.ytimg.com/vi/YdZYTyAjd9M/hqdefault.jpg?sqp=-oaymwEbCKgBEF5IVfKriqkDDggBFQAAiEIYAXABwAEG&rs=AOn4CLC5hAmFuYv8TvUuOxujlnc9KT4RbA,YdZYTyAjd9M,"59 minutes, 53 seconds","Thanks to Trade Coffee for sponsoring this episode! Trade is offering new subscribers a total of $30 off your first order plus free shipping: https://drinktrade.com/adamshow

On this episode...",2022-11-25 13:32:39.234961
89,"Basic thick burgers, grill or pan",https://i.ytimg.com/vi/PXjhzjs2MKE/hqdefault.jpg?sqp=-oaymwEbCKgBEF5IVfKriqkDDggBFQAAiEIYAXABwAEG&rs=AOn4CLC_CSiAeeqybTpEQmXA_Yqz9IgIsg,PXjhzjs2MKE,"11 minutes, 50 seconds","Thanks to Squarespace for sponsoring this video! Go to Squarespace.com for a free trial, and when you’re ready to launch, go to http://squarespace.com/ragusea and add code “RAGUSEA"" at...",2022-11-25 13:32:39.234961
90,Why dried pasta is made with semolina (durum wheat) flour,https://i.ytimg.com/vi/6m2mh6rxRaA/hqdefault.jpg?sqp=-oaymwEbCKgBEF5IVfKriqkDDggBFQAAiEIYAXABwAEG&rs=AOn4CLAoZoWjN4Do-gtMwJS2IRBlaCrKrA,6m2mh6rxRaA,"11 minutes, 14 seconds","Thanks to ShipStation for sponsoring the show! Get a 60-day free trial: https://www.shipstation.com/ragusea

Thanks to Dr. Frank Manthey at North Dakota State University: https://www.ndsu.edu/agric...",2022-11-25 13:32:39.234961
91,Greg Doucette on cooking for lean muscle | Coke syrup and the composer (PODCAST E6),https://i.ytimg.com/vi/Uwe-Zm5opw4/hqdefault.jpg?sqp=-oaymwEbCKgBEF5IVfKriqkDDggBFQAAiEIYAXABwAEG&rs=AOn4CLCP1_tDFBtKnoY7kDlNRW3wYJWeHw,Uwe-Zm5opw4,"42 minutes, 28 seconds","Thanks to Helix Sleep for sponsoring this episode! Helix is offering up to $200 off all mattress orders AND two free pillows: https://helixsleep.com/ragusea

On this episode of the podcast,...",2022-11-25 13:32:39.234961
92,"Spaghetti all'assassina (fried pasta, kinda)",https://i.ytimg.com/vi/X8B5ZtKIlWY/hqdefault.jpg?sqp=-oaymwEbCKgBEF5IVfKriqkDDggBFQAAiEIYAXABwAEG&rs=AOn4CLAtWrCff8k9xUe1jnzlx58kMHNaxA,X8B5ZtKIlWY,"8 minutes, 56 seconds","Thanks to Fetch Rewards for sponsoring today's video! Download the Fetch Rewards app now: https://fetch.thld.co/ragusea_0422 and use code RAGUSEA to get 3,000 points on your first receipt!...",2022-11-25 13:32:39.234961
93,Why they don't put salt in pasta dough,https://i.ytimg.com/vi/CDNKaLGV8sU/hqdefault.jpg?sqp=-oaymwEbCKgBEF5IVfKriqkDDggBFQAAiEIYAXABwAEG&rs=AOn4CLBLk5lwuc-FB-SdG72yFZA8dJ7B_w,CDNKaLGV8sU,"13 minutes, 32 seconds","Thanks to Native for sponsoring this video! Save 33% on your first Native Plastic-Free Deodorant Pack — normally $39, you’ll get it for $26! Use my code RAGUSEA2: https://bit.ly/nativeragusea2...",2022-11-25 13:32:39.234961
94,What even are GMOs? What even is processed food? (PODCAST E5),https://i.ytimg.com/vi/Z6i6DufjlFI/hqdefault.jpg?sqp=-oaymwEbCKgBEF5IVfKriqkDDggBFQAAiEIYAXABwAEG&rs=AOn4CLDdx26uxncZ2CnLhFQnjSC8PjsUXQ,Z6i6DufjlFI,"41 minutes, 3 seconds","On this episode, we explain and debate GMOs and processed foods. I'll also touch upon prepping the perfect vegan meal for non-vegans, maintaining nutritional and daily workout goals and more...",2022-11-25 13:32:39.234961
95,"Homemade crusty loaf, with or without a dutch oven",https://i.ytimg.com/vi/OI2-6Ps2Hcc/hqdefault.jpg?sqp=-oaymwEbCKgBEF5IVfKriqkDDggBFQAAiEIYAXABwAEG&rs=AOn4CLBkIJDb5WggPsm2tRlSYbqtRj2bGg,OI2-6Ps2Hcc,"13 minutes, 49 seconds","Thanks to Magic Spoon for sponsoring this video! Use my code RAGUSEA to get $5 off your delicious, healthy Magic Spoon cereal by clicking this link: https://magicspoon.thld.co/ragusea_0422...",2022-11-25 13:32:39.234961
96,How they make alcohol 'harder',https://i.ytimg.com/vi/lcssRU5G9Gk/hqdefault.jpg?sqp=-oaymwEbCKgBEF5IVfKriqkDDggBFQAAiEIYAXABwAEG&rs=AOn4CLBLeI3H1O374Df5SPP8EOOrTz4UAw,lcssRU5G9Gk,"21 minutes, 1 second","Thanks to Squarespace for sponsoring this video! Go to Squarespace.com for a free trial, and when you’re ready to launch, go to http://squarespace.com/ragusea and add code “RAGUSEA"" at...",2022-11-25 13:32:39.234961
97,Brian Lagerstrom reveals pro bread secrets | On carbs and the feeling of hunger (PODCAST E4),https://i.ytimg.com/vi/mMORm67OeDA/hqdefault.jpg?sqp=-oaymwEbCKgBEF5IVfKriqkDDggBFQAAiEIYAXABwAEG&rs=AOn4CLAGzwx30JIoSM1BKTGmn_nJU0k19A,mMORm67OeDA,"48 minutes, 43 seconds","Thanks to Vessi for sponsoring this episode! Click https://vessi.com/ADAM and use my code ADAM for $25 off each pair of adult Vessi shoes! Free shipping to CA, US, AUS, NZ, JP, TW, KR, SGP...",2022-11-25 13:32:39.234961
98,Yellow cake with chocolate buttercream frosting,https://i.ytimg.com/vi/EZdsqDJH2As/hqdefault.jpg?sqp=-oaymwEbCKgBEF5IVfKriqkDDggBFQAAiEIYAXABwAEG&rs=AOn4CLBmxctgjdftDkTbajKDJJQtVGhC2A,EZdsqDJH2As,"10 minutes, 52 seconds","Thanks to HelloFresh for sponsoring this video! Use code ADAMRAGUSEA16 for up to 16 FREE MEALS + 3 Surprise Gifts across 6 HelloFresh boxes plus free shipping: https://bit.ly/3H8Rbgh

***RECIPE***...",2022-11-25 13:32:39.234961
99,"Why sheep (lamb, mutton) tastes sheepy",https://i.ytimg.com/vi/77IoP9r4hOI/hqdefault.jpg?sqp=-oaymwEbCKgBEF5IVfKriqkDDggBFQAAiEIYAXABwAEG&rs=AOn4CLCO6WRvcskvf6uhc-P9rKgYrZP1ZQ,77IoP9r4hOI,"15 minutes, 51 seconds","Thank you to Future for sponsoring this video! Work with a fitness coach who will keep you accountable. Try your first month for $19: https://tryfuture.co/Adam

Harry Sherwood on Instagram:...",2022-11-25 13:32:39.234961
100,"'My Name is Andong' on food-tubing, borscht, and being Russian amid war (PODCAST E3)",https://i.ytimg.com/vi/zWO0TofGC8Q/hqdefault.jpg?sqp=-oaymwEbCKgBEF5IVfKriqkDDggBFQAAiEIYAXABwAEG&rs=AOn4CLDvYQhlmT-Txym3FZGnHaOHtx6dmg,zWO0TofGC8Q,"39 minutes, 59 seconds","Thanks to Helix Sleep for sponsoring this episode! Helix is offering up to $200 off all mattress orders AND two free pillows: https://helixsleep.com/ragusea

Thanks to  @My Name Is Andong ...",2022-11-24 13:32:39.234961
101,Lamb shanks with roasted garlic sauce | celeriac purée | broccolini,https://i.ytimg.com/vi/TPWIdj4I3yA/hqdefault.jpg?sqp=-oaymwEbCKgBEF5IVfKriqkDDggBFQAAiEIYAXABwAEG&rs=AOn4CLA6v1_z0DpdhpR_GRnbfzg9wBOguw,TPWIdj4I3yA,"10 minutes, 31 seconds","Thanks to Squarespace for sponsoring this video! Go to Squarespace.com for a free trial, and when you’re ready to launch, go to http://squarespace.com/ragusea and add code “RAGUSEA"" at...",2022-11-24 13:32:39.234961
102,Basic 'knife skills' for normals (not chefs),https://i.ytimg.com/vi/wSqnJ6iMM8Y/hqdefault.jpg?sqp=-oaymwEbCKgBEF5IVfKriqkDDggBFQAAiEIYAXABwAEG&rs=AOn4CLAPd8s1M0bPY5_qDy0DFE0RYJZnBg,wSqnJ6iMM8Y,"17 minutes, 28 seconds","The new Adam Ragusea chef's knife is for sale! https://www.adamragusea.com/store/ragusea-chef-knife

My old video about ""knife skills,"" specifically the claw grip and why I think it's unnecessary...",2022-11-24 13:32:39.234961
103,"Reviewing Stanley Tucci's ""Big Night"" (PODCAST E2)",https://i.ytimg.com/vi/EWWXs3H1iZA/hqdefault.jpg?sqp=-oaymwEbCKgBEF5IVfKriqkDDggBFQAAiEIYAXABwAEG&rs=AOn4CLAcbVCpMOQVAyvAAx_CJhDvfirDxw,EWWXs3H1iZA,"1 hour, 26 minutes, 5 seconds","Thanks to Munk Pack for sponsoring this episode! Go to https://thld.co/munkpack_ragusea_0322 and use code RAGUSEA to get 20% off your first purchase!

Thanks to Seed for sponsoring this episode!...",2022-11-24 13:32:39.234961
104,Cinnamon rolls with marshmallow glaze,https://i.ytimg.com/vi/m4YbL7dAfw8/hqdefault.jpg?sqp=-oaymwEbCKgBEF5IVfKriqkDDggBFQAAiEIYAXABwAEG&rs=AOn4CLAilNpmDnpgMt2qOuiW4h9trbnlFA,m4YbL7dAfw8,"10 minutes, 17 seconds",Thanks to Kove Audio for sponsoring this video! Get 67% off or more on the Kove Mini Commuter with my code AMINI67: http://koveaudio.com/amini67 | Best discount subject to change after March...,2022-11-24 13:32:39.234961
105,Where modern restaurants came from,https://i.ytimg.com/vi/8lYhUjV5-Rg/hqdefault.jpg?sqp=-oaymwEbCKgBEF5IVfKriqkDDggBFQAAiEIYAXABwAEG&rs=AOn4CLAACXUbNvVWUw5_MhWcc2Niwc6OEw,8lYhUjV5-Rg,"15 minutes, 19 seconds","Thanks to Trade Coffee for sponsoring this video! Click https://www.drinktrade.com/RAGUSEA to get $20 off your first three bags.

""The Invention of the Restaurant: Paris and Modern Gastronomic...",2022-11-24 13:32:39.235962
106,Why Adam is doomed to failure | Obi & Salma from Middle Eats (PODCAST E1),https://i.ytimg.com/vi/7SpqTsE_fOE/hqdefault.jpg?sqp=-oaymwEbCKgBEF5IVfKriqkDDggBFQAAiEIYAXABwAEG&rs=AOn4CLAkyOx4kv2rfZ1qze8c460bdIYVwg,7SpqTsE_fOE,"46 minutes, 46 seconds","Thanks to Geologie for sponsoring this episode! Go to https://thld.co/geologie_adam50_0322 to save up to 50% on your 30-day trial. 

Thanks to Immi for sponsoring this episode! Go to https://thld.c...",2022-11-24 13:32:39.235962
107,Pan-fried vegetable ravioli,https://i.ytimg.com/vi/blfy-bOODuM/hqdefault.jpg?sqp=-oaymwEbCKgBEF5IVfKriqkDDggBFQAAiEIYAXABwAEG&rs=AOn4CLBTfqLhBRm6hyE_WVZgk3bwr1r_RA,blfy-bOODuM,"8 minutes, 51 seconds","Go to https://thld.co/sheath_ragusea_0322 and use code RAGUSEA at checkout to get 20% off your order! Thanks to SHEATH for sponsoring today’s video.

My previous ravioli video that shows...",2022-11-24 13:32:39.235962
108,Why a tire company is the judge of fine dining,https://i.ytimg.com/vi/gsHnfeS1UgQ/hqdefault.jpg?sqp=-oaymwEbCKgBEF5IVfKriqkDDggBFQAAiEIYAXABwAEG&rs=AOn4CLAFw_SRZGOdKEsDdKUfecLCKmG5GA,gsHnfeS1UgQ,"10 minutes, 15 seconds","Thanks to Squarespace for sponsoring this video! Go to Squarespace.com for a free trial, and when you’re ready to launch, go to http://squarespace.com/ragusea and add code “RAGUSEA"" at...",2022-11-24 13:32:39.235962
109,Sirloin steak with pickled mustard seeds and greens,https://i.ytimg.com/vi/aLMFGk7Ylw0/hqdefault.jpg?sqp=-oaymwEbCKgBEF5IVfKriqkDDggBFQAAiEIYAXABwAEG&rs=AOn4CLC4ptd5EXgn3QDEEFk0_IGnb9nI9w,aLMFGk7Ylw0,"10 minutes, 28 seconds","Your lack of progress at the gym might not be your fault. Test your hormone levels at home. Use code ADAM30, get 30% off: https://trylgc.com/adamragusea Thank you to LetsGetChecked for sponsoring...",2022-11-24 13:32:39.235962
110,"Chicken wings, bodybuilding, and the new Adam Ragusea Podcast",https://i.ytimg.com/vi/P8LC5EhqoPw/hqdefault.jpg?sqp=-oaymwEbCKgBEF5IVfKriqkDDggBFQAAiEIYAXABwAEG&rs=AOn4CLBVaZTmFG7lu0A2Y2ZBVSQEaWwxWg,P8LC5EhqoPw,"5 minutes, 59 seconds","Please (!!) subscribe to The Adam Ragusea Podcast wherever you get podcasts. It should be most places (let me know if it's not). Here are some options:

Direct RSS feed: https://feeds.megaphone.fm/...",2022-11-24 13:32:39.235962
111,Using wild onions and garlic from the lawn,https://i.ytimg.com/vi/VNScki_6CRY/hqdefault.jpg?sqp=-oaymwEbCKgBEF5IVfKriqkDDggBFQAAiEIYAXABwAEG&rs=AOn4CLDMG8JX1OGLSrY7vFmZYMA6KAvfMA,VNScki_6CRY,"10 minutes, 16 seconds","Thanks to Policygenius for sponsoring this video! To start comparing quotes and simplify insurance-buying, check out Policygenius: https://Policygenius.com/adamragusea

Most of the botanical...",2022-11-24 13:32:39.235962
112,Fresh berry soufflé with berry sauce,https://i.ytimg.com/vi/fyFppQJUUls/hqdefault.jpg?sqp=-oaymwEbCKgBEF5IVfKriqkDDggBFQAAiEIYAXABwAEG&rs=AOn4CLA_tXjckBqGvhj9eg2LOwtUxazimA,fyFppQJUUls,"8 minutes, 50 seconds","Thanks to Helix Sleep for sponsoring this video! Click here https://helixsleep.com/ragusea for up to $200 off your Helix Sleep mattress plus two free pillows! Free shipping within the US!
...",2022-11-24 13:32:39.235962
113,Who (ethically) owns recipes? Am I stealing them?,https://i.ytimg.com/vi/SsNLzyqqINw/hqdefault.jpg?sqp=-oaymwEbCKgBEF5IVfKriqkDDggBFQAAiEIYAXABwAEG&rs=AOn4CLDIYKiXkAiNGnGd8HVUcMs7t6UCZw,SsNLzyqqINw,"15 minutes, 24 seconds","Thanks to Squarespace for sponsoring this video! Go to Squarespace.com for a free trial, and when you’re ready to launch, go to http://squarespace.com/ragusea and add code “RAGUSEA"" at...",2022-11-23 13:32:39.235962
114,"Ragusea body transformation, part I",https://i.ytimg.com/vi/39sJUtzDBrk/hqdefault.jpg?sqp=-oaymwEbCKgBEF5IVfKriqkDDggBFQAAiEIYAXABwAEG&rs=AOn4CLAgfaekGdyTz5_WqTsZFW9K0zzJUg,39sJUtzDBrk,"8 minutes, 29 seconds",Go to https://noom.com/ragusea and take your free 30-second quiz! Thank you #noom for sponsoring today’s video!,2022-11-23 13:32:39.235962
115,"Paper-thin, no-stir omelettes",https://i.ytimg.com/vi/KwnhzStEmpU/hqdefault.jpg?sqp=-oaymwEbCKgBEF5IVfKriqkDDggBFQAAiEIYAXABwAEG&rs=AOn4CLCM9CY9K4QdkVXsdLSH0Y5ALlLCwA,KwnhzStEmpU,"7 minutes, 42 seconds","Thanks to Magic Spoon for sponsoring this video! Use my code RAGUSEA to get $5 off your delicious, healthy Magic Spoon cereal by clicking this link: https://magicspoon.thld.co/ragusea_0222...",2022-11-23 13:32:39.235962
116,"Rice, beans, and the ""myth"" of protein combining",https://i.ytimg.com/vi/psAlJtgeQsY/hqdefault.jpg?sqp=-oaymwEbCKgBEF5IVfKriqkDDggBFQAAiEIYAXABwAEG&rs=AOn4CLDQEFF0FKG_JSDyQHCmqlCLTCOCbw,psAlJtgeQsY,"11 minutes, 43 seconds","Thanks to Fetch Rewards for sponsoring this video! Download Fetch now and use code RAGUSEA and get 3000 points on your first receipt! → https://fetch.thld.co/ragusea_0222

Position paper...",2022-11-23 13:32:39.235962
117,Chicken leg lollipops with sweet & sour glaze | soft polenta I chicken-roasted carrots,https://i.ytimg.com/vi/Lef_anm7UjE/hqdefault.jpg?sqp=-oaymwEbCKgBEF5IVfKriqkDDggBFQAAiEIYAXABwAEG&rs=AOn4CLBAuOyEExBA3Qgq0U7FLCcR2XHPkA,Lef_anm7UjE,"9 minutes, 31 seconds","Thanks to Future for sponsoring this video! Get your first month of personal training for $19: http://tryfuture.co/Adam

***RECIPE, FEEDS 4-6***

4-5 lb (circa 2 kg) chicken legs (smaller ones...",2022-11-23 13:32:39.235962
118,Dried mushrooms are nature's stock cube,https://i.ytimg.com/vi/JFH5Zpe0p1Q/hqdefault.jpg?sqp=-oaymwEbCKgBEF5IVfKriqkDDggBFQAAiEIYAXABwAEG&rs=AOn4CLCYsrqF4fn9NEnEoxLwFx3eYhVriw,JFH5Zpe0p1Q,"10 minutes, 35 seconds","Thanks to Bespoke Post for sponsoring this video! Get 20% off your first monthly box when you sign up at http://bespokepost.com/ragusea20 and use promo code RAGUSEA20 at checkout!

2021 literature...",2022-11-23 13:32:39.235962
119,Creamy coconut chickpea curry,https://i.ytimg.com/vi/e4a7F1LyzaY/hqdefault.jpg?sqp=-oaymwEbCKgBEF5IVfKriqkDDggBFQAAiEIYAXABwAEG&rs=AOn4CLCPski1a9bd0yxhFOCUVVUl6pXGZA,e4a7F1LyzaY,"9 minutes, 35 seconds","Thanks to Ritual for sponsoring this video! Click here http://ritual.com/ADAM20 and use code ADAM20 to get 20% off your first month with Ritual. #ritualpartner

* These statements have not...",2022-11-23 13:32:39.235962
120,How cooks put their fingers in hot sauce without burning themselves,https://i.ytimg.com/vi/lpFyAu38SbY/hqdefault.jpg?sqp=-oaymwEbCKgBEF5IVfKriqkDDggBFQAAiEIYAXABwAEG&rs=AOn4CLB9OsgC-JQ_PeSDEfD6m7M83wHa_A,lpFyAu38SbY,"14 minutes, 11 seconds","Thanks to Squarespace for sponsoring this video! Go to Squarespace.com for a free trial, and when you’re ready to launch, go to http://squarespace.com/ragusea and add code “RAGUSEA"" at...",2022-11-23 13:32:39.235962
121,Cheese ravioli without a rolling machine | fresh egg pasta | quick tomato sauce,https://i.ytimg.com/vi/scwtoKAikck/hqdefault.jpg?sqp=-oaymwEbCKgBEF5IVfKriqkDDggBFQAAiEIYAXABwAEG&rs=AOn4CLCxqK7aPf5mELJh3eW51JLLYeOqeg,scwtoKAikck,"9 minutes, 37 seconds","Thanks to Allform for sponsoring! Click here https://allform.com/adamragusea for 20% off the sofa of your choice. We chose a whisky leather three-seater with chaise.

***RECIPE, MAKES 20-25...",2022-11-23 13:32:39.235962
122,DIY syrup from trees (not just maples),https://i.ytimg.com/vi/rT9IJXuHbKs/hqdefault.jpg?sqp=-oaymwEbCKgBEF5IVfKriqkDDggBFQAAiEIYAXABwAEG&rs=AOn4CLAS3rPWW3SspFTAmLSPoCCExVetCQ,rT9IJXuHbKs,"14 minutes, 42 seconds","Thanks to Squarespace for sponsoring this video! Go to Squarespace.com for a free trial, and when you’re ready to launch, go to http://squarespace.com/ragusea and add code “RAGUSEA"" at...",2022-11-22 13:32:39.235962
123,Bread charlotte | Chicken pie à la Michel Roux Jr.,https://i.ytimg.com/vi/6Ivarp1iJaY/hqdefault.jpg?sqp=-oaymwEbCKgBEF5IVfKriqkDDggBFQAAiEIYAXABwAEG&rs=AOn4CLBJvAi6SHgYJcvbi71PkqO7ZyqW4g,6Ivarp1iJaY,"9 minutes, 50 seconds","Thanks to Kove Audio for sponsoring this video! Save 67% or more on the Kove Split Speaker here with code AR67: https://koveaudio.com/AR67

Michel Roux Jr.'s recipe for bread charlotte, on...",2022-11-22 13:32:39.235962
124,"What oil, sugar and yeast do in pizza dough (in varying amounts)",https://i.ytimg.com/vi/FJxJhbCFsco/hqdefault.jpg?sqp=-oaymwEbCKgBEF5IVfKriqkDDggBFQAAiEIYAXABwAEG&rs=AOn4CLAz-K2HEwD6VmFrk_IK4snfFB6Czg,FJxJhbCFsco,"16 minutes, 54 seconds","Thanks to Surfshark for sponsoring this video! Get Surfshark VPN at https://Surfshark.deals/adamragusea — Enter promo code ADAMRAGUSEA for 83% off and 3 extra months for free!

My old video...",2022-11-22 13:32:39.235962
125,Why coffee drinkers live longer,https://i.ytimg.com/vi/gpHB0JdjByE/hqdefault.jpg?sqp=-oaymwEbCKgBEF5IVfKriqkDDggBFQAAiEIYAXABwAEG&rs=AOn4CLBadPH1YWYq-XG1fszxNo3AolxpWQ,gpHB0JdjByE,"7 minutes, 7 seconds","Thanks to Trade Coffee for sponsoring this video! Use my exclusive link here https://www.drinktrade.com/ragusea to get $20 off your first three bags.

2021 Korean study showing coffee and tea...",2022-11-22 13:32:39.235962
126,"Weeknight 'fun size' paella | streamlined Valencian-style, with green beans and chicken wings",https://i.ytimg.com/vi/WfYjmrH9gSw/hqdefault.jpg?sqp=-oaymwEbCKgBEF5IVfKriqkDDggBFQAAiEIYAXABwAEG&rs=AOn4CLD_CY-Xh95ZQbHPM-Fu-j8V6fpUBQ,WfYjmrH9gSw,"9 minutes, 27 seconds","Thanks to Squarespace for sponsoring this video! Go to Squarespace.com for a free trial, and when you’re ready to launch, go to http://squarespace.com/ragusea and add code “RAGUSEA"" at...",2022-11-22 13:32:39.235962
127,Why Americans don't pronounce the H in herbs,https://i.ytimg.com/vi/wDR5j30spfI/hqdefault.jpg?sqp=-oaymwEbCKgBEF5IVfKriqkDDggBFQAAiEIYAXABwAEG&rs=AOn4CLCzfH0XXE6YWNU7UgeChA0Hw01JhA,wDR5j30spfI,"9 minutes, 49 seconds","Thanks to ShipStation for sponsoring this video! Go to https://shipstation.com/ragusea to get a free 60-day trial. That’s two months FREE of no-hassle, stress-free shipping.",2022-11-22 13:32:39.235962
128,Homemade image candy (cut rock candy) | No special equipment or ingredients needed,https://i.ytimg.com/vi/i2qReY0GdfY/hqdefault.jpg?sqp=-oaymwEbCKgBEF5IVfKriqkDDggBFQAAiEIYAXABwAEG&rs=AOn4CLDqFCSuk65cdkHz1ctT-JLbFsWTRg,i2qReY0GdfY,"11 minutes, 30 seconds","Thanks to Helix Sleep for sponsoring this video! Click here https://helixsleep.com/ragusea for up to $200 off your Helix Sleep mattress plus two free pillows! Free shipping within the US!
...",2022-11-22 13:32:39.235962
129,Why tomatillos aren't just little green tomatoes (and why they're awesome),https://i.ytimg.com/vi/3denP7wX2XU/hqdefault.jpg?sqp=-oaymwEbCKgBEF5IVfKriqkDDggBFQAAiEIYAXABwAEG&rs=AOn4CLBXn2rsOuNIO4AlIg6u_wknoPCR-A,3denP7wX2XU,"9 minutes, 53 seconds","Thanks to Skillshare for sponsoring this video! The first 1,000 people to use this link will get a 1 month free trial of Skillshare: https://skl.sh/adamragusea06211

My old enchiladas verdes...",2022-11-22 13:32:39.235962
130,Cake pan pizza | deep-dish Sicilian/Detroit-style (kinda),https://i.ytimg.com/vi/oII1EbBffY0/hqdefault.jpg?sqp=-oaymwEbCKgBEF5IVfKriqkDDggBFQAAiEIYAXABwAEG&rs=AOn4CLDFMY6QpcjLvOwhGZXcFgOKz7ds7A,oII1EbBffY0,"8 minutes, 18 seconds","Try Brightland now! Get 10% off when you click my link and get your first Luminous Capsule: http://brightland.co/adamragusea | Thanks to Brightland for sponsoring this video! 

***RECIPE, MAKES...",2022-11-21 13:32:39.235962
131,Ask Adam #9: Why did you move to Tennessee? Which recipes would you re-do? Fav white wine?,https://i.ytimg.com/vi/XGGU_SzXCus/hqdefault.jpg?sqp=-oaymwEbCKgBEF5IVfKriqkDDggBFQAAiEIYAXABwAEG&rs=AOn4CLCRu5Y0wBkU_7-9IM_alLRx9iYBRQ,XGGU_SzXCus,"30 minutes, 13 seconds","Thanks to Squarespace for sponsoring this video! Go to Squarespace.com for a free trial, and when you’re ready to launch, go to http://squarespace.com/ragusea and add code “RAGUSEA"" at...",2022-11-21 13:32:39.235962
132,Mussels with garlic white wine broth,https://i.ytimg.com/vi/DpqBfrq4sq8/hqdefault.jpg?sqp=-oaymwEbCKgBEF5IVfKriqkDDggBFQAAiEIYAXABwAEG&rs=AOn4CLBANjioV7diXIHHUZlIFujDhYdHSA,DpqBfrq4sq8,"6 minutes, 39 seconds","Thanks to Immi for sponsoring this video! Go to https://thld.co/immi_AdamRagusea1221 and use code ragusea at checkout to save $5 on your order.

***RECIPE, MAKES ONE BIG PORTION, MULTIPLY AS...",2022-11-21 13:32:39.235962
133,Why farmed fish isn't always more sustainable than wild (but definitely sometimes is),https://i.ytimg.com/vi/YeDgfHtTHPA/hqdefault.jpg?sqp=-oaymwEbCKgBEF5IVfKriqkDDggBFQAAiEIYAXABwAEG&rs=AOn4CLBTLH00x-5t-4fCBcipEa0yLCNnwg,YeDgfHtTHPA,"15 minutes, 1 second","Thanks to Warby Parker for sponsoring this video! Try five pairs of glasses at at home, totally free: http://warbyparker.com/ragusea | Home try-ons are offered in the U.S. only.

Springcress...",2022-11-21 13:32:39.236961
134,Italian wedding soup | chicken meatballs & homemade stock,https://i.ytimg.com/vi/T5IoTXRCpso/hqdefault.jpg?sqp=-oaymwEbCKgBEF5IVfKriqkDDggBFQAAiEIYAXABwAEG&rs=AOn4CLAHabs_ifnthMZe8az6CquINPUQBg,T5IoTXRCpso,"11 minutes, 29 seconds","For your chance to win the Airstream® Interstate 24X and support a great cause, enter at https://www.omaze.com/ragusea | Thanks to Omaze for sponsoring this video!

***RECIPE, FEEDS 8-10***...",2022-11-21 13:32:39.236961
135,Why yeast extract is in tons of foods (and why it's delicious),https://i.ytimg.com/vi/7zEWtqkp1v8/hqdefault.jpg?sqp=-oaymwEbCKgBEF5IVfKriqkDDggBFQAAiEIYAXABwAEG&rs=AOn4CLDVqW9QoIE8Vd7z-S07gRr6Y3bVcw,7zEWtqkp1v8,"12 minutes, 37 seconds","Save $30 on your gut health test kit from Ombre Lab: http://tryombre.com/Adam | Thanks to Ombre for sponsoring this video!

2008 paper in which Turkish scientists found 50ºC for 24 hours is...",2022-11-21 13:32:39.236961
136,"Gingerbread | fluffy, spicy, molasses-y Christmas loaf",https://i.ytimg.com/vi/gq9rFDpIHv0/hqdefault.jpg?sqp=-oaymwEbCKgBEF5IVfKriqkDDggBFQAAiEIYAXABwAEG&rs=AOn4CLAAZq7m-mVAYfnyYOR3TMU8GS30bg,gq9rFDpIHv0,"6 minutes, 20 seconds","Thanks to Squarespace for sponsoring this video! Go to Squarespace.com for a free trial, and when you’re ready to launch, go to http://squarespace.com/ragusea and add code “RAGUSEA"" at...",2022-11-21 13:32:39.236961
137,How an 'autolyse' kneads your dough for you,https://i.ytimg.com/vi/orpTeX_EGXA/hqdefault.jpg?sqp=-oaymwEbCKgBEF5IVfKriqkDDggBFQAAiEIYAXABwAEG&rs=AOn4CLCVO9jj-bMaWny42H9KofVssb-tHg,orpTeX_EGXA,"14 minutes, 20 seconds","Thanks to HelloFresh for sponsoring this video! Use code ADAMRAGUSEA14 for up to 14 FREE MEALS + 3 Free Gifts across 5 HelloFresh boxes plus free shipping: https://bit.ly/3jZhlZO

""Bread Science:...",2022-11-21 13:32:39.236961
138,Easy big beef stew and roasted garlic mashed potatoes,https://i.ytimg.com/vi/p53xab3c3tg/hqdefault.jpg?sqp=-oaymwEbCKgBEF5IVfKriqkDDggBFQAAiEIYAXABwAEG&rs=AOn4CLDBr1P5anFGu1Pk5LUsGm5rs_h_lw,p53xab3c3tg,"15 minutes, 6 seconds","Thanks to Surfshark for sponsoring this video! Get Surfshark VPN at https://Surfshark.deals/adamragusea — Enter promo code ADAMRAGUSEA for 84% off and 4 extra months for free!

Brian Lagerstrom's...",2022-12-01 13:32:39.236961
139,"Beef stew tests | stovetop vs oven, temperatures, marinades, pre-seasoning, thickeners",https://i.ytimg.com/vi/vKVF0cHoXGI/hqdefault.jpg?sqp=-oaymwEbCKgBEF5IVfKriqkDDggBFQAAiEIYAXABwAEG&rs=AOn4CLC0D9R48TP9MZPl_KsZ7DVy7bHc_w,vKVF0cHoXGI,"10 minutes, 25 seconds",Thanks to LetsGetChecked for sponsoring this video! Do your own tests at home: https://trylgc.com/adamragusea | Use my code ADAM30 for 30% off!,2022-12-01 13:32:39.236961
140,"Eggs 101 | sunny side up, crispy, basted, over easy, scrambled, omelette",https://i.ytimg.com/vi/WALpdDTyj8o/hqdefault.jpg?sqp=-oaymwEbCKgBEF5IVfKriqkDDggBFQAAiEIYAXABwAEG&rs=AOn4CLAc2yMssIzzQ_UCvurwHdWXg0s9NA,WALpdDTyj8o,"13 minutes, 53 seconds",Thanks to Misen for sponsoring this video! Upgrade your kitchen with Misen's amazing cookware and knives. Go to https://bit.ly/3D56MLw and use promo code ragusea to get 20% off your first order.,2022-12-01 13:32:39.236961
141,Why Americans and Brits say 'cider' to mean very different things,https://i.ytimg.com/vi/-R41YFcX8e4/hqdefault.jpg?sqp=-oaymwEbCKgBEF5IVfKriqkDDggBFQAAiEIYAXABwAEG&rs=AOn4CLCEjmUcKqEMhfFb64M7V9JWcP51Tg,-R41YFcX8e4,"12 minutes, 10 seconds","Thanks to Squarespace for sponsoring this video! Go to Squarespace.com for a free trial, and when you’re ready to launch, go to http://squarespace.com/ragusea and add code “RAGUSEA"" at...",2022-12-01 13:32:39.236961
142,The 'right' color of raw beef,https://i.ytimg.com/vi/82KT_nb26-4/hqdefault.jpg?sqp=-oaymwEbCKgBEF5IVfKriqkDDggBFQAAiEIYAXABwAEG&rs=AOn4CLDm2GWAV62r1mhK9Bw5TNmKjplaDA,82KT_nb26-4,"9 minutes, 33 seconds",Thanks to Sealed Air for sponsoring this video! Learn more about vacuum packaging here: https://assets.mediafly.com/l/4Rh8TGG4Gzsu #cryovac #sealedair,2022-12-01 13:32:39.236961
143,Black and white cookies | NY-style dense cake with crispy icing,https://i.ytimg.com/vi/8S5vkk2ZHV4/hqdefault.jpg?sqp=-oaymwEbCKgBEF5IVfKriqkDDggBFQAAiEIYAXABwAEG&rs=AOn4CLBoRVqpLpQg3y4lZ2UOelnoSQchpA,8S5vkk2ZHV4,"8 minutes, 32 seconds","Thanks to Magic Spoon for sponsoring this video! To get Magic Spoon’s BEST offer yet, click this link for 20% off: https://magicspoon.thld.co/RAGUSEABF  (offer ends 11/29)

If you’re watching...",2022-12-01 13:32:39.236961
144,Truffles and the doggies who find them for us,https://i.ytimg.com/vi/qX9Jpg3b90M/hqdefault.jpg?sqp=-oaymwEbCKgBEF5IVfKriqkDDggBFQAAiEIYAXABwAEG&rs=AOn4CLDEHXT_RnwTLHJdXXAT0KEKAl9gmg,qX9Jpg3b90M,"14 minutes, 21 seconds","Thanks to Audible for sponsoring this video! Start listening with a 30-day Audible trial. Choose one audiobook and two Audible Originals absolutely
free: http://audible.com/adamragusea or text...",2022-12-01 13:32:39.236961
145,Fully deboned turkey | demi glacé made with the bones,https://i.ytimg.com/vi/peeRWHI7FpY/hqdefault.jpg?sqp=-oaymwEbCKgBEF5IVfKriqkDDggBFQAAiEIYAXABwAEG&rs=AOn4CLBJ8FWViR86NBHxN9HJiqJKnH4-1w,peeRWHI7FpY,"18 minutes, 7 seconds","Thanks to Fetch Rewards for sponsoring this video! Download Fetch now and use code RAGUSEA and get 3000 points on your first receipt! → https://fetch.thld.co/aragusea_1121

My guide to stuffing:...",2022-12-01 13:32:39.236961
146,Southern corn pudding (bread? cake? custard? casserole?),https://i.ytimg.com/vi/kpmzN4HFbHs/hqdefault.jpg?sqp=-oaymwEbCKgBEF5IVfKriqkDDggBFQAAiEIYAXABwAEG&rs=AOn4CLBrg_PBzK1GfbxS28q2PvxeT8Ky-g,kpmzN4HFbHs,"5 minutes, 3 seconds",This video is an ad for OnePlus — thanks for their sponsorship!  The OnePlus 9 Pro is a premium flagship Android smartphone with an amazingly powerful Hasselblad camera. Lauren and I had...,2022-12-01 13:32:39.236961
147,Post-Covid19 smell & taste disruption — the latest research,https://i.ytimg.com/vi/OQNX98lJ_iI/hqdefault.jpg?sqp=-oaymwEbCKgBEF5IVfKriqkDDggBFQAAiEIYAXABwAEG&rs=AOn4CLCz6sYKSDAOuiGaEYj4GlDKa_jt2g,OQNX98lJ_iI,"10 minutes, 46 seconds","Thanks to Squarespace for sponsoring this video! Go to Squarespace.com for a free trial, and when you’re ready to launch, go to http://squarespace.com/ragusea and add code “RAGUSEA"" at...",2022-12-01 13:32:39.236961
148,Orange braised beef | egg yolk-thickened sauce | limey roast carrots,https://i.ytimg.com/vi/sWMDMvV48Wc/hqdefault.jpg?sqp=-oaymwEbCKgBEF5IVfKriqkDDggBFQAAiEIYAXABwAEG&rs=AOn4CLDOKnUI0x0R3PQEhoUlSJbuwxeLVg,sWMDMvV48Wc,"8 minutes, 35 seconds","Thanks to HelloFresh for sponsoring this video! Use code ADAMRAGUSEA14 for up to 14 FREE MEALS + 3 Free Gifts across 5 HelloFresh boxes plus free shipping: https://bit.ly/3mx7agL

***RECIPE,...",2022-12-01 13:32:39.236961
149,"Chemistry of beer, part II: Hops to keg",https://i.ytimg.com/vi/qHaWFtikbLQ/hqdefault.jpg?sqp=-oaymwEbCKgBEF5IVfKriqkDDggBFQAAiEIYAXABwAEG&rs=AOn4CLDXEB0mHdHnMKd1dNXV_iX88n-N4w,qHaWFtikbLQ,"20 minutes, 32 seconds","Thanks to Surfshark for sponsoring this video! Get Surfshark VPN at https://Surfshark.deals/adamragusea - Enter promo code ADAMRAGUSEA for 83% off and 4 extra months for free!

The Part I vid,...",2022-12-01 13:32:39.236961
150,(Fancy) cream of mushroom soup | dry + fresh mushrooms,https://i.ytimg.com/vi/5qRexHDwfds/hqdefault.jpg?sqp=-oaymwEbCKgBEF5IVfKriqkDDggBFQAAiEIYAXABwAEG&rs=AOn4CLDvZ28RuJkNQj62TyCkQ0CstTSB_g,5qRexHDwfds,"8 minutes, 28 seconds","Thanks to Warby Parker for sponsoring this video! Try five pairs of glasses at at home, totally free: http://warbyparker.com/ragusea | Home try-ons are offered in the U.S. only.

***RECIPE,...",2022-12-01 13:32:39.236961
151,Why we cook food in oil,https://i.ytimg.com/vi/ktVSavCov9Y/hqdefault.jpg?sqp=-oaymwEbCKgBEF5IVfKriqkDDggBFQAAiEIYAXABwAEG&rs=AOn4CLDk5BRfsvC51iph3bSg0KaYO4T0cQ,ktVSavCov9Y,"12 minutes, 25 seconds","Thanks to Audible for sponsoring this video! Start listening with a 30-day Audible trial. Choose one audiobook and two Audible Originals absolutely
free: http://audible.com/adamragusea or text...",2022-12-01 13:32:39.236961
152,Chewy caramel brownies,https://i.ytimg.com/vi/dZ0Ic9EMdK0/hqdefault.jpg?sqp=-oaymwEbCKgBEF5IVfKriqkDDggBFQAAiEIYAXABwAEG&rs=AOn4CLDVib72y_lflC_1lRufQMDB2eIv3Q,dZ0Ic9EMdK0,"5 minutes, 49 seconds","Thanks to Squarespace for sponsoring this video! Go to Squarespace.com for a free trial, and when you’re ready to launch, go to http://squarespace.com/ragusea and add code “RAGUSEA"" at...",2022-12-01 13:32:39.236961
153,"Chemistry of beer, part I: Malt to wort",https://i.ytimg.com/vi/q8LJb9XBU2U/hqdefault.jpg?sqp=-oaymwEbCKgBEF5IVfKriqkDDggBFQAAiEIYAXABwAEG&rs=AOn4CLBxDWJHmbqSuMA5gO-HyZ6YBw2qVA,q8LJb9XBU2U,"19 minutes, 54 seconds","Thanks to Surfshark for sponsoring this video! Get Surfshark VPN at https://Surfshark.deals/adamragusea - Enter promo code ADAMRAGUSEA for 83% off and 3 extra months for free!

Thanks to Dr....",2022-12-01 13:32:39.236961
154,Pizza with shallots and bresaola (the perfect pizza meat?),https://i.ytimg.com/vi/vnZw4FeLtHw/hqdefault.jpg?sqp=-oaymwEbCKgBEF5IVfKriqkDDggBFQAAiEIYAXABwAEG&rs=AOn4CLAAqZtRyrjvJA1mDoWpzalvZPhrGQ,vnZw4FeLtHw,"9 minutes, 26 seconds","Thanks to Magic Spoon for sponsoring this video! Click here https://magicspoon.thld.co/ragusea_1021 and use code RAGUSEA to get $5 off today!

***DOUGH RECIPE, MAKES FOUR PIZZAS THIS SIZE***...",2022-12-01 13:32:39.236961
155,Why salt crystals grow as pyramids (sometimes),https://i.ytimg.com/vi/FVEZuzEHwQk/hqdefault.jpg?sqp=-oaymwEbCKgBEF5IVfKriqkDDggBFQAAiEIYAXABwAEG&rs=AOn4CLDUBo1-G8aUhKD6tjV6Ua0wnKXLEQ,FVEZuzEHwQk,"14 minutes, 56 seconds","Thanks to Squarespace for sponsoring this video! Go to Squarespace.com for a free trial, and when you’re ready to launch, go to http://squarespace.com/ragusea and add code “RAGUSEA"" at...",2022-12-01 13:32:39.236961
156,Empanadas | bean and chicken fillings,https://i.ytimg.com/vi/ZKo7dTPXhls/hqdefault.jpg?sqp=-oaymwEbCKgBEF5IVfKriqkDDggBFQAAiEIYAXABwAEG&rs=AOn4CLC_KtZOc77sD4M8NEjq14U1n8y_Uw,ZKo7dTPXhls,"10 minutes, 20 seconds","Thanks to Allform for sponsoring! Click here https://allform.com/adamragusea for 20% off the sofa of your choice! We chose a leather 3-seater with a chaise.

***CRUST RECIPE, MAKES 12 EMPANADAS***...",2022-12-01 13:32:39.236961
157,"Problems with gas stovetops | weak, dirty and dangerous",https://i.ytimg.com/vi/CcAJ3_-Hou8/hqdefault.jpg?sqp=-oaymwEbCKgBEF5IVfKriqkDDggBFQAAiEIYAXABwAEG&rs=AOn4CLCVQeX1AxgKo8EtU7W4dPb_8ci1yg,CcAJ3_-Hou8,"12 minutes, 36 seconds","Thanks HelloFresh for sponsoring this video! Use code ADAMRAGUSEA14 for up to 14 FREE MEALS across your first 5 HelloFresh boxes plus free shipping: https://bit.ly/3gz2Zwz

My old video on...",2022-12-01 13:32:39.236961
158,Bagels made with malted barley syrup | NY-style boiled,https://i.ytimg.com/vi/RHU4gQz-EDI/hqdefault.jpg?sqp=-oaymwEbCKgBEF5IVfKriqkDDggBFQAAiEIYAXABwAEG&rs=AOn4CLCXOYKa-STwR8_R76rp8mbaub9MqA,RHU4gQz-EDI,"10 minutes, 3 seconds","Thanks to Surfshark for sponsoring this video! Get Surfshark VPN at https://Surfshark.deals/adamragusea - Enter promo code ADAMRAGUSEA for 83% off and 3 extra months for free!

My old, simpler...",2022-12-01 13:32:39.236961
159,"What is malt, and why does it make milk, bread and beer taste so good?",https://i.ytimg.com/vi/nf3maJWJgSo/hqdefault.jpg?sqp=-oaymwEbCKgBEF5IVfKriqkDDggBFQAAiEIYAXABwAEG&rs=AOn4CLCvLC8yEcWxbEvgKud8AIKAgMQDcw,nf3maJWJgSo,"16 minutes, 26 seconds","Thanks to Squarespace for sponsoring this video! Go to Squarespace.com for a free trial, and when you’re ready to launch, go to http://squarespace.com/ragusea and add code “RAGUSEA"" at...",2022-12-01 13:32:39.236961
160,Malted milk coffee cake,https://i.ytimg.com/vi/glnawqMzJBk/hqdefault.jpg?sqp=-oaymwEbCKgBEF5IVfKriqkDDggBFQAAiEIYAXABwAEG&rs=AOn4CLAos5W8EmchMguhfkawisSmwms6Aw,glnawqMzJBk,"5 minutes, 25 seconds",Thanks to Sensodyne for sponsoring this video! Drink coffee without fear. Brush with Sensodyne Repair and Protect with Deep Repair toothpaste twice a day to repair and relieve the sensitive...,2022-12-01 13:32:39.236961
161,"Chicken thighs 101: How to sear, stew, roast and de-bone",https://i.ytimg.com/vi/TDUcQhOzO1Q/hqdefault.jpg?sqp=-oaymwEbCKgBEF5IVfKriqkDDggBFQAAiEIYAXABwAEG&rs=AOn4CLB8bbqDdAmxiGu7x7hEsCFuo3wQLA,TDUcQhOzO1Q,"12 minutes, 56 seconds",Thanks to Misen for sponsoring this video! Upgrade your kitchen with Misen's amazing cookware and knives. Go to https://bit.ly/3r2WO7Q and use promo code ragusea to get 20% off your first order....,2022-12-01 13:32:39.236961
162,Problems with the Green Revolution,https://i.ytimg.com/vi/GgHy8KQ4Ifg/hqdefault.jpg?sqp=-oaymwEbCKgBEF5IVfKriqkDDggBFQAAiEIYAXABwAEG&rs=AOn4CLDrUp5ih7HlnUUg645xcyrsZsl-Cg,GgHy8KQ4Ifg,"13 minutes, 3 seconds","Thanks to Audible for sponsoring this video! Start listening with a 30-day Audible trial. Choose one audiobook and two Audible Originals absolutely
free: http://audible.com/adamragusea or text...",2022-12-01 13:32:39.236961
163,What's inside multivitamin supplements and WHY?,https://i.ytimg.com/vi/zkXelIq1jQE/hqdefault.jpg?sqp=-oaymwEbCKgBEF5IVfKriqkDDggBFQAAiEIYAXABwAEG&rs=AOn4CLCon15pnshNYam26SDtjCUtm8G6xA,zkXelIq1jQE,"9 minutes, 20 seconds","Thanks to Ritual for sponsoring this video! Click here http://ritual.com/adam and use code ADAM to get 10% off your first three months with Ritual. #ritualpartner

All thoughts and opinions...",2022-12-01 13:32:39.236961
164,Broccoli in garlic sauce | incidentally vegan | Chinese-American inspired,https://i.ytimg.com/vi/Xt5zzI_3-VA/hqdefault.jpg?sqp=-oaymwEbCKgBEF5IVfKriqkDDggBFQAAiEIYAXABwAEG&rs=AOn4CLCwwxykNFcMQ5fo6ywSdNMet5ZHvw,Xt5zzI_3-VA,"7 minutes, 22 seconds",Thanks to Morning Brew for sponsoring this video! Sign up here https://cen.yt/mbadamragusea9 for your free daily newsletter — I’ve really enjoyed Morning Brew and I think you will too!...,2022-12-01 13:32:39.236961
165,The ethics of hunting deer for meat,https://i.ytimg.com/vi/C_uC2YfFzps/hqdefault.jpg?sqp=-oaymwEbCKgBEF5IVfKriqkDDggBFQAAiEIYAXABwAEG&rs=AOn4CLAojlbWaki1tmFdSgLTo9nGqAhK1Q,C_uC2YfFzps,"10 minutes, 27 seconds","Thanks to Squarespace for sponsoring this video! Go to Squarespace.com for a free trial, and when you’re ready to launch, go to http://squarespace.com/ragusea and add code “RAGUSEA"" at...",2022-12-01 13:32:39.236961
166,What 'organic' or 'antibiotic free' don't tell you,https://i.ytimg.com/vi/p8RkiEX9j4Y/hqdefault.jpg?sqp=-oaymwEbCKgBEF5IVfKriqkDDggBFQAAiEIYAXABwAEG&rs=AOn4CLDtu8lKHP3aSwUM3oy1Vhc2ZHn1Dg,p8RkiEX9j4Y,"8 minutes, 30 seconds","Thanks to Crowd Cow for sponsoring this video! Get a $100 of FREE MEAT + Free Shipping from Crowd Cow when you sign up and order with my link! https://crowdcow.com/ragusea

""Why I no longer...",2022-12-01 13:32:39.236961
167,"Practical baked Alaska | ice cream, cake and Italian meringue",https://i.ytimg.com/vi/AEUSxRNlodc/hqdefault.jpg?sqp=-oaymwEbCKgBEF5IVfKriqkDDggBFQAAiEIYAXABwAEG&rs=AOn4CLBE0xHOrFBIzSJr190Hrg2P63R3QA,AEUSxRNlodc,"7 minutes, 18 seconds",Thanks to Helix for sponsoring this video! Click here https://helixsleep.com/ragusea for up to $200 off your Helix Sleep mattress plus two free pillows! Free shipping within the U.S. Financing...,2022-12-01 13:32:39.236961
168,Gumbo is named after plant snot,https://i.ytimg.com/vi/O_JVE8Hw6HY/hqdefault.jpg?sqp=-oaymwEbCKgBEF5IVfKriqkDDggBFQAAiEIYAXABwAEG&rs=AOn4CLD9-DLDbKH4UoVx3vlHlXUCSz4-Tw,O_JVE8Hw6HY,"9 minutes, 45 seconds","Thanks HelloFresh for sponsoring this video! Use code ADAMRAGUSEA14 for up to 14 FREE MEALS across your first 5 HelloFresh boxes plus free shipping: https://bit.ly/3gz2Zwz

I filmed the growing...",2022-12-01 13:32:39.236961
169,"Two sheet-pan pasta sauces | roasted grape tomatoes, white bean & fennel",https://i.ytimg.com/vi/azNHrhGoOrc/hqdefault.jpg?sqp=-oaymwEbCKgBEF5IVfKriqkDDggBFQAAiEIYAXABwAEG&rs=AOn4CLBxYuV9PkGiZ6Hd_k2bqur7MvjLqw,azNHrhGoOrc,"7 minutes, 1 second","Thanks to Fetch Rewards for sponsoring this video! Download Fetch now and use code RAGUSEA and get 3000 points on your first receipt! → https://fetch.thld.co/aragusea0921 

***ROASTED GRAPE...",2022-12-01 13:32:39.236961
170,The case for eating alligators (or not),https://i.ytimg.com/vi/v_vGatef-Cw/hqdefault.jpg?sqp=-oaymwEbCKgBEF5IVfKriqkDDggBFQAAiEIYAXABwAEG&rs=AOn4CLA2cAVyygL930-dFwCUumKheQnZSA,v_vGatef-Cw,"11 minutes, 27 seconds","Thanks to Surfshark for sponsoring this video! Get Surfshark VPN at https://Surfshark.deals/adamragusea - Enter promo code ADAMRAGUSEA for 83% off and 3 extra months for free!

2017 review...",2022-12-01 13:32:39.236961
171,"Two sheet pan shrimp dinners | asparagus & sweet corn, chickpeas & leeks",https://i.ytimg.com/vi/L-mA3UCTDPI/hqdefault.jpg?sqp=-oaymwEbCKgBEF5IVfKriqkDDggBFQAAiEIYAXABwAEG&rs=AOn4CLDakFWedWV2Uc6oYBNolN_yi56DsQ,L-mA3UCTDPI,"9 minutes, 43 seconds","Thanks to Warby Parker for sponsoring this video! Try five pairs of glasses at at home, totally free: http://warbyparker.com/ragusea | Home try-ons are offered in the U.S. only.

***ASPARAGUS...",2022-12-01 13:32:39.236961
172,How science saves sweet corn,https://i.ytimg.com/vi/IIVG54wNPd0/hqdefault.jpg?sqp=-oaymwEbCKgBEF5IVfKriqkDDggBFQAAiEIYAXABwAEG&rs=AOn4CLD0I69GASjbsbM8nK1tdys8c6LT5A,IIVG54wNPd0,"13 minutes, 44 seconds","Thanks to Magic Spoon for sponsoring this video! Use the promo code RAGUSEA at checkout to get $5 off your order today → https://magicspoon.thld.co/ragusea_0821

Thanks to Dr. Bill Tracy...",2022-12-01 13:32:39.236961
173,Garlic naan grilled on oven grates,https://i.ytimg.com/vi/RgfZikXWKMo/hqdefault.jpg?sqp=-oaymwEbCKgBEF5IVfKriqkDDggBFQAAiEIYAXABwAEG&rs=AOn4CLBEBGxty-Bk8iqrDaUpiTYLET6A1g,RgfZikXWKMo,"8 minutes, 48 seconds","Thanks to Squarespace for sponsoring this video! Go to Squarespace.com for a free trial, and when you’re ready to launch, go to http://squarespace.com/ragusea and add code “RAGUSEA"" at...",2022-12-01 13:32:39.236961
174,When should you salt pasta water? How much?,https://i.ytimg.com/vi/QW7r2RHt6tY/hqdefault.jpg?sqp=-oaymwEbCKgBEF5IVfKriqkDDggBFQAAiEIYAXABwAEG&rs=AOn4CLAKSeFBEAs2t7-lsn6CQGv5REyuRA,QW7r2RHt6tY,"13 minutes, 53 seconds","Use my exclusive link here https://cffe.me/adam to get your first bag from Trade Coffee for free. Thanks to Trade for sponsoring this video!

Here's a great article by a Stanford professor...",2022-12-01 13:32:39.236961
175,BBQ-style beef ribs in the oven | twice-baked potato,https://i.ytimg.com/vi/FBll1Tk_DwI/hqdefault.jpg?sqp=-oaymwEbCKgBEF5IVfKriqkDDggBFQAAiEIYAXABwAEG&rs=AOn4CLDG9nobeYGMXbO5MmlM2hFktxsqxA,FBll1Tk_DwI,"8 minutes, 20 seconds",Thanks to Morning Brew for sponsoring this video! Sign up here https://cen.yt/mbadamragusea8 for your free daily newsletter — I’ve really enjoyed Morning Brew and I think you will too!...,2022-12-01 13:32:39.236961
176,Eggplant vs. Aubergine vs. Brinjal — Why so many names?,https://i.ytimg.com/vi/mQoNAR1um_c/hqdefault.jpg?sqp=-oaymwEbCKgBEF5IVfKriqkDDggBFQAAiEIYAXABwAEG&rs=AOn4CLCP66f967ZPeHPwOS3B2FKFtkzwAg,mQoNAR1um_c,"8 minutes, 57 seconds","Thanks to Squarespace for sponsoring this video! Go to Squarespace.com for a free trial, and when you’re ready to launch, go to http://squarespace.com/ragusea and add code “RAGUSEA"" at...",2022-12-01 13:32:39.236961
177,Pavlova with pastry cream (marshmallowy meringue with pudding on top),https://i.ytimg.com/vi/Wz2WVHx_VaA/hqdefault.jpg?sqp=-oaymwEbCKgBEF5IVfKriqkDDggBFQAAiEIYAXABwAEG&rs=AOn4CLBj4yOvfx-P3B3uKfwW5DiTRoEEIQ,Wz2WVHx_VaA,"9 minutes, 22 seconds","For unlimited access to the world’s top documentaries and nonfiction series, enter the promo code ‘ragusea’ when prompted and save 25%, which comes out to only $14.99 a year: https://curios...",2022-12-01 13:32:39.236961
178,Changing traditional recipes for the era of tiny households,https://i.ytimg.com/vi/tm0-LNHfzHA/hqdefault.jpg?sqp=-oaymwEbCKgBEF5IVfKriqkDDggBFQAAiEIYAXABwAEG&rs=AOn4CLBJdfyn5Kr6RVFqVhwo68lPpbELdQ,tm0-LNHfzHA,"11 minutes, 20 seconds","Thanks to HelloFresh for sponsoring this video! Use code ADAMRAGUSEA14 for up to 14 FREE MEALS across your first 5 HelloFresh boxes plus free shipping at: https://bit.ly/3haTDal

2017 United...",2022-12-01 13:32:39.236961
179,Basil pesto alla Genovese | knife or mortar & pestle method,https://i.ytimg.com/vi/gH3FgXRN4R8/hqdefault.jpg?sqp=-oaymwEbCKgBEF5IVfKriqkDDggBFQAAiEIYAXABwAEG&rs=AOn4CLA_h3OW8u0QPcBiujS8p7wn_5k6Xw,gH3FgXRN4R8,"7 minutes, 48 seconds","Thanks to Bespoke Post for sponsoring this video. Get 20% off your first monthly box when you sign up at https://bspk.me/ragusea20 and use promo code RAGUSEA20 at checkout!

***RECIPE***

By...",2022-12-01 13:32:39.236961
180,The animal that (sometimes) survives becoming dinner,https://i.ytimg.com/vi/QiLhLHSbNx4/hqdefault.jpg?sqp=-oaymwEbCKgBEF5IVfKriqkDDggBFQAAiEIYAXABwAEG&rs=AOn4CLDR85cnk_H_wpa96L6Da7gDe0B-CQ,QiLhLHSbNx4,"10 minutes, 59 seconds","Thanks to Surfshark for sponsoring this video! Get Surfshark VPN at https://Surfshark.deals/adamragusea - Enter promo code ADAMRAGUSEA for 83% off and 3 extra months for free!

1978 aquarium...",2022-12-01 13:32:39.236961
181,Summer vegetable stew | steamed rice | lavender flowers,https://i.ytimg.com/vi/e-KWACktqsY/hqdefault.jpg?sqp=-oaymwEbCKgBEF5IVfKriqkDDggBFQAAiEIYAXABwAEG&rs=AOn4CLD4m0mZeR_x5ljgu9z25xHwOiExWw,e-KWACktqsY,"6 minutes, 55 seconds","Thanks to Squarespace for sponsoring this video! Go to Squarespace.com for a free trial, and when you’re ready to launch, go to http://squarespace.com/ragusea and add code “RAGUSEA"" at...",2022-12-01 13:32:39.236961
182,How mushrooms are farmed,https://i.ytimg.com/vi/5rRXj3rTHhY/hqdefault.jpg?sqp=-oaymwEbCKgBEF5IVfKriqkDDggBFQAAiEIYAXABwAEG&rs=AOn4CLAEkjZqY9RLG2JvrIQLL7dkn8Oi9A,5rRXj3rTHhY,"15 minutes, 1 second",Thanks to Helix Sleep for sponsoring this video! Click here https://helixsleep.com/ragusea for up to $200 off your Helix Sleep mattress plus two free pillows! Free shipping within the United...,2022-12-01 13:32:39.236961
183,Homemade ice cream sandwiches | how to convert any cookie recipe,https://i.ytimg.com/vi/gqgZRWFApYY/hqdefault.jpg?sqp=-oaymwEbCKgBEF5IVfKriqkDDggBFQAAiEIYAXABwAEG&rs=AOn4CLAUNhdaxKCo45WnIwu3BqAs3Qjheg,gqgZRWFApYY,"6 minutes, 5 seconds","Thanks to Sensodyne for sponsoring this video! Eat ice cream without fear — brush with Sensodyne Rapid Relief twice daily, and in as little as three days you can get relief from temperature-sensi...",2022-12-01 13:32:39.236961
184,Miniature fried chicken | culantro potato salad,https://i.ytimg.com/vi/Qd6Ad6apLrk/hqdefault.jpg?sqp=-oaymwEbCKgBEF5IVfKriqkDDggBFQAAiEIYAXABwAEG&rs=AOn4CLCwjGDooIuTIckGTOj056oW7ZOcUw,Qd6Ad6apLrk,"7 minutes, 47 seconds","Thanks to Magic Spoon for sponsoring this video! Use the promo code RAGUSEA at checkout to get $5 off your order today → https://magicspoon.thld.co/RAGUSEA0721

***RECIPE, FEEDS 1-2 PEOPLE***...",2022-12-01 13:32:39.236961
185,The history and virtues of eating pigeon meat (squab),https://i.ytimg.com/vi/ZX-EmXGsEQA/hqdefault.jpg?sqp=-oaymwEbCKgBEF5IVfKriqkDDggBFQAAiEIYAXABwAEG&rs=AOn4CLAT9hIVf0RGtFB5lT4Xtkwi1TojWA,ZX-EmXGsEQA,"11 minutes, 4 seconds",Thanks to Misen for sponsoring this video! Upgrade your kitchen with Misen's amazing cookware and knives. Go to https://bit.ly/3qYrgB2 and use promo code ragusea to get 20% off your first order....,2022-12-01 13:32:39.236961
186,"Fall-over biscuits | 128 layers, golden sides",https://i.ytimg.com/vi/fZkeXyUTRfc/hqdefault.jpg?sqp=-oaymwEbCKgBEF5IVfKriqkDDggBFQAAiEIYAXABwAEG&rs=AOn4CLAkhGt49OrmSk3d1yXV7SIzTfQtWw,fZkeXyUTRfc,"6 minutes, 37 seconds",Thanks to Morning Brew for sponsoring this video! Sign up here https://cen.yt/mbadamragusea7 for your free daily newsletter — I’ve really enjoyed Morning Brew and I think you will too!...,2022-12-01 13:32:39.236961
187,How people first boiled food,https://i.ytimg.com/vi/mBxRFw9W_xs/hqdefault.jpg?sqp=-oaymwEbCKgBEF5IVfKriqkDDggBFQAAiEIYAXABwAEG&rs=AOn4CLDOO1eD6IN2yFvd2WBx46BbCDiATg,mBxRFw9W_xs,"13 minutes, 23 seconds","Thanks to Squarespace for sponsoring this video! Go to Squarespace.com for a free trial, and when you’re ready to launch, go to http://squarespace.com/ragusea and add code “RAGUSEA"" at...",2022-12-01 13:32:39.236961
188,Glazed chicken rice | inspired by Hainanese dish,https://i.ytimg.com/vi/lC3h3Lm3q54/hqdefault.jpg?sqp=-oaymwEbCKgBEF5IVfKriqkDDggBFQAAiEIYAXABwAEG&rs=AOn4CLCrfMIermjQd3_Xs5tRZyVf17rXLA,lC3h3Lm3q54,"7 minutes, 45 seconds","Thanks to Fetch Rewards for sponsoring this video! Download the Fetch Rewards app now → https://fetch.thld.co/araguseajuly  and get 3000 points on your first receipt!

***RECIPE, SERVE 4-6***...",2022-12-01 13:32:39.236961
189,Growing Bread II: Harvest to oven,https://i.ytimg.com/vi/ee8PL7ToXcg/hqdefault.jpg?sqp=-oaymwEbCKgBEF5IVfKriqkDDggBFQAAiEIYAXABwAEG&rs=AOn4CLBmw7s2i5GTvYepphAzTYgUqdhmpA,ee8PL7ToXcg,"16 minutes, 15 seconds","Thanks to Audible for sponsoring this video! Start listening with a 30-day Audible trial. Choose one audiobook and two Audible Originals absolutely
free: http://audible.com/adamragusea or text...",2022-12-01 13:32:39.236961
190,"Homemade milkshakes | Oreo, berry, fluffernutter, creamsicle, mint chocolate chip",https://i.ytimg.com/vi/1_aQL6LUl4s/hqdefault.jpg?sqp=-oaymwEbCKgBEF5IVfKriqkDDggBFQAAiEIYAXABwAEG&rs=AOn4CLDDUykEvn_qQyPTGUvBG3uGOvMi9g,1_aQL6LUl4s,"8 minutes, 23 seconds","Thanks to Surfshark for sponsoring this video! Get Surfshark VPN at https://Surfshark.deals/adamragusea - Enter promo code ADAMRAGUSEA for 83% off and 3 extra months for free!

To make a milkshake:...",2022-12-01 13:32:39.236961
191,Growing Bread I: Planting to harvest,https://i.ytimg.com/vi/HlPm7JtaxE4/hqdefault.jpg?sqp=-oaymwEbCKgBEF5IVfKriqkDDggBFQAAiEIYAXABwAEG&rs=AOn4CLDGR4oc2EkDzaXjX2zwRChVkWnyfg,HlPm7JtaxE4,"14 minutes, 11 seconds","Thanks to Squarespace for sponsoring this video! Go to Squarespace.com for a free trial, and when you’re ready to launch, go to http://www.squarespace.com/ragusea and add code “RAGUSEA""...",2022-12-01 13:32:39.236961
192,Reverse braised beef shoulder | sweet pickle glaze,https://i.ytimg.com/vi/ioGbDtIyq-Q/hqdefault.jpg?sqp=-oaymwEbCKgBEF5IVfKriqkDDggBFQAAiEIYAXABwAEG&rs=AOn4CLDB-g40pyjAmJDY8sBQ-YORXSGk_A,ioGbDtIyq-Q,"9 minutes, 39 seconds","Thanks to Noom for sponsoring this video! Take their health survey to get started: http://bit.ly/noom_adamragusea

***RECIPE, SERVES SIX***

1 3 lb (1.36kg) beef chuck roast 
2 shallots
2 jalapeño...",2022-12-01 13:32:39.236961
193,Dry processed coffee — tastes like Tropical Skittles?,https://i.ytimg.com/vi/WZgrmIQh60s/hqdefault.jpg?sqp=-oaymwEbCKgBEF5IVfKriqkDDggBFQAAiEIYAXABwAEG&rs=AOn4CLD2joSzo3F1JpBkVM5L0Qo45jgorg,WZgrmIQh60s,"13 minutes, 23 seconds",Thanks to Morning Brew for sponsoring today’s video! Sign up here http://cen.yt/mbadamragusea5 for your free daily newsletter. I’ve really enjoyed Morning Brew and I think you will too!...,2022-12-01 13:32:39.236961
194,The right way to raise beef,https://i.ytimg.com/vi/kklc9eezPSA/hqdefault.jpg?sqp=-oaymwEbCKgBEF5IVfKriqkDDggBFQAAiEIYAXABwAEG&rs=AOn4CLDWFceBCKvy19nSuu6-ANm9HbyqCg,kklc9eezPSA,"8 minutes, 13 seconds","Thanks to Crowd Cow for sponsoring this video! Get $15 off your first order and an extra 5% off everything if you become a member: http://crowdcow.com/ragusea

Thanks to Larry Tebben of Tebben...",2022-12-01 13:32:39.236961
195,Shakshuka that isn't soupy | eggs poached in spicy tomato sauce | chickpeas,https://i.ytimg.com/vi/KLUSBT7i2j0/hqdefault.jpg?sqp=-oaymwEbCKgBEF5IVfKriqkDDggBFQAAiEIYAXABwAEG&rs=AOn4CLDcEm1wHvmjUitJq89lyosxDD2n7g,KLUSBT7i2j0,"6 minutes, 55 seconds","Thanks to Squarespace for sponsoring this video! Go to Squarespace.com for a free trial, and when you’re ready to launch, go to http://squarespace.com/ragusea​​​​ and add code “RAGUSEA""...",2022-12-01 13:32:39.236961
196,Why food is blue (or usually isn't),https://i.ytimg.com/vi/p4_PSyhtHh0/hqdefault.jpg?sqp=-oaymwEbCKgBEF5IVfKriqkDDggBFQAAiEIYAXABwAEG&rs=AOn4CLAEKTAZwTPmlDeyipsbcJtoMbL41A,p4_PSyhtHh0,"12 minutes, 57 seconds","Thanks to Warby Parker for sponsoring this video! Try five pairs of glasses at at home, totally free: http://warbyparker.com/ragusea | Home try-ons are offered in the U.S. only.

""Discovery...",2022-12-01 13:32:39.236961
197,Blueberry yum yum | easy no-bake dessert,https://i.ytimg.com/vi/osLv6-1c0Mg/hqdefault.jpg?sqp=-oaymwEbCKgBEF5IVfKriqkDDggBFQAAiEIYAXABwAEG&rs=AOn4CLDFbNAMDpoPcIp6Oy_sRupoVoesGg,osLv6-1c0Mg,"9 minutes, 15 seconds","Thanks to HelloFresh for sponsoring this video! Use code ADAMRAGUSEA12 for up to 12 FREE MEALS across your first four HelloFresh boxes, including free shipping on your first box: https://bit.ly/2N9...",2022-12-01 13:32:39.236961
198,"Why palm oil is in everything, and why that's bad",https://i.ytimg.com/vi/fgcfgTTuku0/hqdefault.jpg?sqp=-oaymwEbCKgBEF5IVfKriqkDDggBFQAAiEIYAXABwAEG&rs=AOn4CLBAyG0iyzFAgKjEtPvQZX9VnD3rzg,fgcfgTTuku0,16 minutes,"Thanks to Audible for sponsoring this video! Start listening with a 30-day Audible trial. Choose one audiobook and two Audible Originals absolutely
free: http://audible.com/adamragusea or text...",2022-12-01 13:32:39.236961
199,Fresh tagliatelle with no pasta machine | mushroom cream sauce,https://i.ytimg.com/vi/IQMp0m0xjIE/hqdefault.jpg?sqp=-oaymwEbCKgBEF5IVfKriqkDDggBFQAAiEIYAXABwAEG&rs=AOn4CLAZeasLu79pPeqIUjltLYHE2sTVUg,IQMp0m0xjIE,"8 minutes, 8 seconds",Thanks to Misen for sponsoring this video! Upgrade your kitchen with Misen's amazing cookware and knives. Go to https://bit.ly/3r2WO7Q and use promo code ragusea to get 20% off your first order....,2022-12-01 13:32:39.236961
